,area,category,country,create_date,location,price,state,subarea,text,title,url,pred_bin,pred_class
0,atlanta,cell phones,US,2015-03-20 00:00:00, (smyrna),99.0,GA,all atlanta,"
        We customize your iPhone 5/5s, and make it look like a mini 6, for $100",Make your iPhone 5/5s look like iPhone 6,http://atlanta.craigslist.org/atl/mob/4910933994.html,1,6
1,atlanta,cell phones,US,2015-03-20 00:00:00, (Lavista),480.0,GA,all atlanta,"
        I HAVE A FLIP PHONE SO PLEASE CALL ONLY ",IPHONE 6 16GB BLACK & GREY NEW IN THE BOX SPRINT CLEAN ESN,http://atlanta.craigslist.org/atl/mob/4924087372.html,1,6
2,atlanta,cell phones,US,2015-03-20 00:00:00,,475.0,GA,all atlanta,"
        Silver iPhone 5S 64GB $475. 
 ",iPhone 5S 64GB Factory Unlocked for Sale,http://atlanta.craigslist.org/nat/mod/4907455253.html,1,5s
3,atlanta,cell phones,US,2015-03-20 00:00:00, (snellville),300.0,GA,all atlanta,"
        I phone 5 Tmobile 300 bucks. Perfect condition kept in otter box at all times. Great phone!! Can text images for some reason my phone is not letting me add the images.
    ",T mobile iPhone 5 16gb,http://atlanta.craigslist.org/eat/mob/4940892483.html,1,5
4,atlanta,cell phones,US,2015-03-20 00:00:00, (Kennesaw),450.0,GA,all atlanta,"
        iPhone 5 S good conditions, 32 g AT&T. Call or text ",iPhone 5 S,http://atlanta.craigslist.org/nat/mob/4940974264.html,1,5s
5,atlanta,cell phones,US,2015-03-20 00:00:00, (Duluth),550.0,GA,all atlanta,"
        SG iPhone 6 T-Mobile 16GB $550. 
 ",iPhone 6 16GB T-Mobile for Sale,http://atlanta.craigslist.org/nat/mob/4917650346.html,1,6
6,atlanta,cell phones,US,2015-03-20 00:00:00, (gainesville),175.0,GA,all atlanta,"
        AT&T iphone 5 32g great shape, comes with Otterbox case and belt clip. has been reset so it can be set up right away. Email for fastest response, no phone calls, no shipping",AT&T iphone 5 32g,http://atlanta.craigslist.org/nat/mob/4941005525.html,1,5
7,atlanta,cell phones,US,2015-03-20 00:00:00,,200.0,GA,all atlanta,"
        Used iPhone 5 for sale",iPhone 5 16gb att factory reset,http://atlanta.craigslist.org/nat/mob/4940969016.html,1,5
8,atlanta,cell phones,US,2015-03-20 00:00:00, (Atlanta- GA),175.0,GA,all atlanta,"
        IPHONE 5 UNLOCKED EXCELLENT CONDITION!",IPHONE 5 WHITE UNLOCKED EXCELLENT CONDITION! - (BROWARD COUNTY),http://atlanta.craigslist.org/atl/mob/4941007420.html,1,5
9,atlanta,cell phones,US,2015-03-20 00:00:00, (Norcross),550.0,GA,all atlanta,"
        I have iphone 6 gold and in good condition has some scratchs ",iPhone 6 Gold Verizon unlocked,http://atlanta.craigslist.org/atl/mob/4940954507.html,1,6
10,atlanta,cell phones,US,2015-03-20 00:00:00,,500.0,GA,all atlanta,"
        64 gbs. Space grey.
    ",AT&T iPhone 6.,http://atlanta.craigslist.org/atl/mob/4925794643.html,1,6
11,atlanta,cell phones,US,2015-03-20 00:00:00, (Atlanta),130.0,GA,all atlanta,"
        ",iPhone 6 Cracked Screen Fix,http://atlanta.craigslist.org/atl/mod/4940891955.html,-1,-1
12,atlanta,cell phones,US,2015-03-20 00:00:00,,250.0,GA,all atlanta,"
        iPhone 5s Verizon white/silver . Call or text for pictures  at ",iPhone 5s verizon,http://atlanta.craigslist.org/atl/mob/4940563865.html,1,5s
13,atlanta,cell phones,US,2015-03-20 00:00:00, (atlanta),90.0,GA,all atlanta,"
        Have 1 ipnone 6 plus 16gb gray At&t ",Gray iphone 6 plus 16gb,http://atlanta.craigslist.org/atl/mod/4936168615.html,1,6+
14,atlanta,cell phones,US,2015-03-20 00:00:00, (atlanta),80.0,GA,all atlanta,"
        this is a iphone 6 plus 64gb.",Iphone 6 plus 64gb,http://atlanta.craigslist.org/atl/mod/4940501762.html,1,6+
15,atlanta,cell phones,US,2015-03-20 00:00:00, (Kennesaw),250.0,GA,all atlanta,"
        Perfect condition iPhone 5 that has been in a life proof case since day 1. Comes with the original box and a charger. It has been restored to the original factory settings. Ready to go. Let me know any questions or concerns.",AT&T iphone 5 32gb,http://atlanta.craigslist.org/nat/mob/4930103174.html,1,5
16,atlanta,cell phones,US,2015-03-20 00:00:00, (Dunwoody),600.0,GA,all atlanta,"
        Hi,",iPhone 6 AT&T Like New Condition in Box!!!,http://atlanta.craigslist.org/atl/mob/4901973853.html,1,6
17,atlanta,cell phones,US,2015-03-20 00:00:00, (Marietta),300.0,GA,all atlanta,"
        iPhone 5 32GB White Factory Unlocked for sale or trade",iPhone 5 32GB White Factory Unlocked for sale or trade,http://atlanta.craigslist.org/atl/mob/4940575280.html,1,-1
18,atlanta,cell phones,US,2015-03-20 00:00:00, (Marietta),300.0,GA,all atlanta,"
        iPhone 5 32GB White Factory Unlocked for sale or trade",iPhone 5 32GB White Factory Unlocked for sale or trade,http://atlanta.craigslist.org/atl/mob/4940572465.html,1,-1
19,atlanta,cell phones,US,2015-03-20 00:00:00, (Alpharetta),125.0,GA,all atlanta,"
        Mint iPhone 4s",iPhone 4s - 16gb - Verizon,http://atlanta.craigslist.org/atl/mob/4940591714.html,1,4s
20,atlanta,cell phones,US,2015-03-20 00:00:00, (Atlanta),65.0,GA,all atlanta,"
        VERIZON IPHONE 4 8gb in good condition clean imei Im asking $65 but will take the best offer ! IF YOU HAVE $65 I WILL BRING IT IMMEDIATELY NO WAIT!!  If you want it call if no answer text ",VERIZON IPHONE 4 8gb,http://atlanta.craigslist.org/atl/mob/4930355001.html,1,4
21,atlanta,cell phones,US,2015-03-20 00:00:00, (Atlanta),65.0,GA,all atlanta,"
        Iphone 4 Sprint 8gb In great condition and the Esn is very Clean. If you want it you can have it. Call now Im asking $65 but will take the best offer. If you come with $65 there is no wait you can get it now. Call now if no answer please leave text ",Iphone 4 Sprint 8gb,http://atlanta.craigslist.org/atl/mob/4930225754.html,1,4s
22,atlanta,cell phones,US,2015-03-20 00:00:00, (Alpharetta Roswell),225.0,GA,all atlanta,"
        iPhone 5C white 16gb",iPhone 5C white 16gb - factory unlocked,http://atlanta.craigslist.org/nat/mob/4940640118.html,1,5c
23,atlanta,cell phones,US,2015-03-20 00:00:00, (Henry county),350.0,GA,all atlanta,"
        I have a mint condition iPhone 5s. It is space grey 16gb with a case and screen protector. It has had a case and screen protector since day one. So there isn't a single dent or ding on this phone. It can be unlocked from Att at no cost. if you have any questions TEXT ME 
 ",iPhone 5s Att,http://atlanta.craigslist.org/atl/mob/4940651595.html,1,5s
24,atlanta,cell phones,US,2015-03-20 00:00:00, (Atlanta/Decatur),350.0,GA,all atlanta,"
        Excellent condition. No cracks or scratches. ",AT&T(Can be unlocked) iPhone 5S Space Gray 16GB,http://atlanta.craigslist.org/atl/mob/4940672757.html,1,5s
25,atlanta,cell phones,US,2015-03-20 00:00:00, (Brookhaven),225.0,GA,all atlanta,"
        White 16gb IPhone 5.  ATT network.  Excellent condition.  Always in otterbox.  Includes original box, charger and earbuds.  Cash only.
    ",IPhone 5 | ATT | White | 16gb,http://atlanta.craigslist.org/nat/mob/4940656495.html,1,5
26,atlanta,cell phones,US,2015-03-20 00:00:00, (alpharetta),380.0,GA,all atlanta,"
        ",Sprint Apple iPhone 5s,http://atlanta.craigslist.org/nat/mob/4940688820.html,1,5s
27,atlanta,cell phones,US,2015-03-20 00:00:00, (Roswell),270.0,GA,all atlanta,"
        I am selling my iphone 5 - comes with the original box.  16 GB memory.",Iphone 5 16 gb. AT&T,http://atlanta.craigslist.org/atl/mob/4936732158.html,1,5
28,atlanta,cell phones,US,2015-03-20 00:00:00,,350.0,GA,all atlanta,"
        I am selling an iPhone 5s for $350. There are no problems with this phone, everything has been kept in great condition with a solid proof case. If you want to buy the case too, I'll just add on a couple bucks just so you keep your phone protected. There is a ballistic glass screen protector on here that has kept this phone clear of any damages to the real screen. You are welcome to remove the glass screen if you'd like, but I'll just keep it on here for safety. I'm accepting cash only and willing to meet in a public location for the exchange. Feel free to ask any questions. Serious inquiries only.
    ",IPHONE 5S AT&T Verizon T-Mobile,http://atlanta.craigslist.org/atl/mob/4940694730.html,1,5s
29,atlanta,cell phones,US,2015-03-20 00:00:00, (Duluth),650.0,GA,all atlanta,"
        I have new iPhone 6 plus 16G , it's factory unlocked so can use with any SIM card. Looking to trade for iPhone 6 unlocked too. Come with box and unused accessories . Text me at ",Trade iPhone 6 plus for iPhone 6,http://atlanta.craigslist.org/atl/mob/4940689352.html,-1,-1
30,atlanta,cell phones,US,2015-03-20 00:00:00," (Woodstock, GA)",125.0,GA,all atlanta,"
        iPhone 4 in good condition.  Off/On button slightly sticks, but works fine.  If interested, I will meet at Publix at Trickum and Hwy 92.  No refunds; sold as is.
    ",iPhone 4 (8GB),http://atlanta.craigslist.org/nat/mob/4940687396.html,1,4
31,atlanta,cell phones,US,2015-03-20 00:00:00, (Decatur),350.0,GA,all atlanta,"
        Here you have a brand-new 16GB iPhone 5s. This phone is factory unlocked. Which means you have the pleasure of using it with ANY carrier. I've decided to sell it because I want to upgrade. My asking price is ~$350~ If interested, please call 
 ",Great Deal... Great Price... Factory Unlocked IPHONE 5S!,http://atlanta.craigslist.org/eat/mob/4940559063.html,1,5s
32,atlanta,cell phones,US,2015-03-20 00:00:00, (Georgia),120.0,GA,all atlanta,"
        Please visit page",Fast Apple iPhone 4S 64GB,http://atlanta.craigslist.org/atl/mod/4940555307.html,1,4s
33,atlanta,cell phones,US,2015-03-20 00:00:00, (MORROW GA),320.0,GA,all atlanta,"
        IPHONE 5C 8GB FACTORY UNLOCKED BRAND NEW SEALED (WHITE/GREEN)",IPHONE 5C 8GB FACTORY UNLOCKED BRAND NEW (WHITE/GREEN),http://atlanta.craigslist.org/atl/mob/4940709842.html,1,5c
34,atlanta,cell phones,US,2015-03-20 00:00:00," (Atlanta, Georgia)",110.0,GA,all atlanta,"
        I jus got a new iPhone 6 and don't need this phone any more. I'm selling a black iPhone 4s for sprint for $110 or best offer",Black Sprint iPhone 4s $110 OBO,http://atlanta.craigslist.org/atl/mob/4918691000.html,1,4s
35,atlanta,cell phones,US,2015-03-20 00:00:00, (Norcross),349.0,GA,all atlanta,"
        We have for sale an iPhone 5s 16GB Gold. This phone is for T Mobile or Metro PCS. Comes with usb cable and charger only. ",Apple iPhone 5S 16GB Gold Good Condition Used T mobile Metro PCS,http://atlanta.craigslist.org/nat/mod/4940630315.html,1,5s
36,atlanta,cell phones,US,2015-03-20 00:00:00, (Roswell),290.0,GA,all atlanta,"
        iPhone 5s 16gb white for At&t.  Please call or text ",iPhone 5s 16gb At&t Cricket H2O Straight Talk Net 10,http://atlanta.craigslist.org/atl/mob/4940594366.html,1,5s
37,atlanta,cell phones,US,2015-03-20 00:00:00, (Gwinnett),325.0,GA,all atlanta,"
        Iphone 5s for $325.00 firm.",IPhone 5s unlocked 32 gb,http://atlanta.craigslist.org/atl/mob/4927873216.html,1,5s
38,atlanta,cell phones,US,2015-03-19 00:00:00, (GWINNETT),600.0,GA,all atlanta,"
        BRAND NEW IPHONE 6",BRAND NEW IPHONE 6 AT&T SPACE GREY,http://atlanta.craigslist.org/nat/mob/4923306964.html,1,6
39,atlanta,cell phones,US,2015-03-19 00:00:00,,500.0,GA,all atlanta,"
        iPhone for sale
    ",iPhone 6 for sale,http://atlanta.craigslist.org/atl/mob/4939969275.html,-1,-1
40,atlanta,cell phones,US,2015-03-19 00:00:00, (Atlanta),70.0,GA,all atlanta,"
        ",iPhone 5 / 5C / 5S Cracked Screen Fix,http://atlanta.craigslist.org/atl/mod/4939816324.html,-1,-1
41,atlanta,cell phones,US,2015-03-19 00:00:00, (smyrna),290.0,GA,all atlanta,"
        I am selling an iPhone 5S. This is white in color, 16GB and has a brand new look. Call me on ",iPhone 5S,http://atlanta.craigslist.org/atl/mob/4939960882.html,1,5s
42,atlanta,cell phones,US,2015-03-19 00:00:00,,165.0,GA,all atlanta,"
        I am selling my iphone 6 plus, unlock can use any carrier.",IPHONE 6 PLUS,http://atlanta.craigslist.org/atl/mod/4939840737.html,1,6+
43,atlanta,cell phones,US,2015-03-19 00:00:00," (Decatur, Ga)",65.0,GA,all atlanta,"
        Phone is in EXCELLENT condition. CLEAN ESN, NO ICLOUD LOCK, READY TO BE ACTIVATED. Black. No scratches or dents. Comes with charger & phone case w/ screen protector. . If interested contact me anytime by email or text. @ ",IPhone 4 8gb Sprint,http://atlanta.craigslist.org/eat/mob/4928138710.html,1,4
44,atlanta,cell phones,US,2015-03-19 00:00:00, (Dahlonega),225.0,GA,all atlanta,"
        iPhone 5 16gb, white/silver in perfect condition. No scratches. No blemishes. Everything works. Has been in an Otter Box with screen protector since day 1. ",iPhone 5 AT&T - Perfect condition,http://atlanta.craigslist.org/nat/mob/4939981407.html,1,5
45,atlanta,cell phones,US,2015-03-19 00:00:00,,130.0,GA,all atlanta,"
        Iphone 5. 16gb. Black color verizon great condition text samonsmith78 (AT)gmail
    ",****** iphone 5 Black. 16gb. Verizon ****,http://atlanta.craigslist.org/atl/mob/4918142660.html,1,5
46,atlanta,cell phones,US,2015-03-19 00:00:00," (Decatur, Ga)",65.0,GA,all atlanta,"
        Phone is in EXCELLENT condition. CLEAN ESN, NO ICLOUD LOCK, READY TO BE ACTIVATED. Black. No scratches or dents. Comes with charger & phone case w/ screen protector. . If interested contact me anytime by email or text. @ ",IPhone 4 8gb Sprint,http://atlanta.craigslist.org/eat/mob/4939986196.html,1,4
47,atlanta,cell phones,US,2015-03-19 00:00:00,,140.0,GA,all atlanta,"
        ",16 gb Iphone 5s gold,http://atlanta.craigslist.org/atl/mob/4918135647.html,1,5s
48,atlanta,cell phones,US,2015-03-19 00:00:00, (Norcross),625.0,GA,all atlanta,"
        Space grey iPhone 6 128GB AT&T Perfect condition text if interested ",iPhone 6 AT&T,http://atlanta.craigslist.org/atl/mob/4939981011.html,1,6
49,atlanta,cell phones,US,2015-03-19 00:00:00, (doraville),190.0,GA,all atlanta,"
        no icloud locked",iphone 5 whithe 16Gb by sprint,http://atlanta.craigslist.org/atl/mob/4913378396.html,1,5
50,atlanta,cell phones,US,2015-03-19 00:00:00,,750.0,GA,all atlanta,"
        This is a brand new iPhone 6+ 64GB in exclusive Gold for AT&T. The iPhone is brand new and has never been activated. The only reason it was opened was to take pictures. Perfect for activating and not having a contract.",iPhone 6+ 64GB Gold for AT&T,http://atlanta.craigslist.org/atl/mob/4940004901.html,1,6
51,atlanta,cell phones,US,2015-03-19 00:00:00, (Doraville),230.0,GA,all atlanta,"
        in mint condition...",Iphone 5C Green By Sprint 16Gb,http://atlanta.craigslist.org/atl/mob/4927206684.html,1,5c
52,atlanta,cell phones,US,2015-03-19 00:00:00, (doraville),230.0,GA,all atlanta,"
        in mint condition...",Iphone 5c pink 16gb by sprint,http://atlanta.craigslist.org/atl/mob/4913372810.html,1,5c
53,atlanta,cell phones,US,2015-03-19 00:00:00, (Gwinnett),100.0,GA,all atlanta,"
        Top of screen has crack text for photos . Trying to sell today or tomorrow. Sprint provider
    ",Custom gold iPhone 5 sprint,http://atlanta.craigslist.org/nat/mob/4940042596.html,1,5s
54,atlanta,cell phones,US,2015-03-19 00:00:00, (Atlanta),130.0,GA,all atlanta,"
        ",iPhone 6 Cracked Screen Fix,http://atlanta.craigslist.org/atl/mod/4939904296.html,-1,-1
55,atlanta,cell phones,US,2015-03-19 00:00:00, (Marietta),530.0,GA,all atlanta,"
        Mint, mint, mint! This phone was essentially unboxed and then put back in. Comes with everything. Absolutely no signs of use whatsoever. Clean ESN and no iCloud lock. Buy with confidence. Ready for activation. For those that want to get on a pre-paid plan, Sprint now offers unlimited talk, text, and 1GB of data for only $35 per month pre-paid. Or you can get 3GB for $45, or 6GB for $55. Thanks for looking! Will meet only at police station or in the presence of a police officer (no funny stuff). Asking $600 firm! 4zero4-8six7-5two5two
    ",iPhone 6 16GB Sprint,http://atlanta.craigslist.org/nat/mob/4913416307.html,1,6
56,atlanta,cell phones,US,2015-03-19 00:00:00, (covington),250.0,GA,all atlanta,"
        Like new condition. Will provide imei and pictures upon request. ",iPhone 5s iOS 8.1.3 metro pcs T-Mobile unlocked gold,http://atlanta.craigslist.org/eat/mob/4940112269.html,1,5s
57,atlanta,cell phones,US,2015-03-19 00:00:00, (Conyers GA),300.0,GA,all atlanta,"
        iPhone 5S ",iPhone 5S,http://atlanta.craigslist.org/eat/mob/4940153777.html,1,5s
58,atlanta,cell phones,US,2015-03-19 00:00:00, (Norcross Retail Store),260.0,GA,all atlanta,"
        We have for sale a good condition iPhone 5 16gb. This phone is AT&T but unlocked to work on any other GSM carrier such as Metro PCS and T-Mobile. ",Apple Iphone 5 16gb White Unlocked Metro PCS AT&T,http://atlanta.craigslist.org/nat/mod/4939662730.html,1,5
59,atlanta,cell phones,US,2015-03-19 00:00:00, (Williamson),360.0,GA,all atlanta,"
        iPhone 5s 32 gb gold for sale. I bought it new and moved down to the area and switched carrier. I got it unlocked. Still has sprint SIM card in it. Is unlocked and should work on other carriers. Nothing wrong with it and has no scratches. Comes with a new charger and headphones. Do not have original box but comes with a box with accessories(headphones and charger) used slightly been in case since I got it. asking 360 obo
    ",iPhone 5s 32gb gold,http://atlanta.craigslist.org/atl/mob/4940134581.html,1,5s
60,atlanta,cell phones,US,2015-03-19 00:00:00," (Marietta,Buckhead)",444.0,GA,all atlanta,"
        I'm looking to buy iPhone 6 or 5s also 5c with Verizon/Sprint. Ready to pay cash. Feel free to offer 5 or 6 plus. Contact me @77O -309 -9749.",WTB iPhone 6 Today,http://atlanta.craigslist.org/atl/mob/4913728124.html,-1,-1
61,atlanta,cell phones,US,2015-03-19 00:00:00, (N. Atlanta),280.0,GA,all atlanta,"
        I am selling my Unlocked iPhone 5 16gb white. This phone is almost brand new. Used it for only a few days. It has absolutely no scratches or marks on the entire phone. The pictures show that the phone has no iCloud lock and it also shows the new condition of the phone. ",Unlocked !! iPhone 5 white !! EXCELLENT New condition !! MUST SEE !!,http://atlanta.craigslist.org/atl/mob/4939432850.html,1,5
62,atlanta,cell phones,US,2015-03-19 00:00:00, (NORCROSS),225.0,GA,all atlanta,"
        GOOD CONDITION IPHONE 5 - SLATE GREY - 16 GB ",VERIZON IPHONE 5 - SLATE GRAY - 16GB,http://atlanta.craigslist.org/eat/mod/4939419245.html,1,5s
63,atlanta,cell phones,US,2015-03-19 00:00:00, (smyrna),129.0,GA,all atlanta,"
        1869 Cobb Pkwy S Suite 300 Marietta, GA 30060",iphone 6 Screen LCD FOR SALE,http://atlanta.craigslist.org/nat/mob/4935592303.html,-1,-1
64,atlanta,cell phones,US,2015-03-19 00:00:00,,100.0,GA,all atlanta,"
        I have an iPhone 5 16GB with T-Mobile that has a shocked screen it is easily fixable. The phone is like new expect this minor problem. The price is negationable !! It is unlocked!! No charger or box or head phones come with this. ",iPhone 5 T mobile,http://atlanta.craigslist.org/atl/mob/4939367639.html,1,5
65,atlanta,cell phones,US,2015-03-19 00:00:00, (Norcross Retail Store),360.0,GA,all atlanta,"
        We have unlocked iPhones for sale. They are space grey and come with USB Cable and charger, no earpiece or original box.",Excellent Iphone 5S 16gb 32gb 64gb Unlocked any Carrier,http://atlanta.craigslist.org/nat/mod/4939227985.html,1,5s
66,atlanta,cell phones,US,2015-03-19 00:00:00, (Westend),330.0,GA,all atlanta,"
        The phone is a sprint black iPhone 6 16g with a grey back it is in good condition I bought it about a month ago from sprint! I hate sprint tho and AT&T are not offering me enough because they said it's almost useless because it doesn't have a sim! Price is 330 Trying to get rid of it asap so text or email me 313817816seven. You can observe and use the phone it works just fine before our exchange! And has never been dropped I will be coming with a few friends because I do not want anything going wrong! Will meet in a PUBLIC location only and I check for fake money because I am a server! Help me help you help me! Let me know if you're interested
    ",Iphone 6 sprint,http://atlanta.craigslist.org/atl/mob/4939289650.html,1,6
67,atlanta,cell phones,US,2015-03-19 00:00:00, (Loganville),650.0,GA,all atlanta,"
        Selling this for a friend, it's a sprint iPhone 6 64gb in silver.  This phone is new and will included is the original box, charger and lightning cable, and the apple headphones which have never been used. ",Sprint Apple iPhone 6 64gb Silver (new),http://atlanta.craigslist.org/eat/mob/4939376954.html,1,6
68,atlanta,cell phones,US,2015-03-19 00:00:00, (old national hwy),330.0,GA,all atlanta,"
        Apple iPhone 5s (Tmobile) 16gb .... $330",Apple iPhone 5s (Tmobile) 16gb GOLD & WHITE,http://atlanta.craigslist.org/sat/mob/4932129888.html,1,5s
69,atlanta,cell phones,US,2015-03-19 00:00:00, (Gwinnett),310.0,GA,all atlanta,"
        Iphone 5s for At&t for $310.   Excellent condition.  ",Iphone 5s AT&T,http://atlanta.craigslist.org/nat/mob/4919760180.html,1,5s
70,atlanta,cell phones,US,2015-03-19 00:00:00, (Candler Park),300.0,GA,all atlanta,"
        Good condition 32GB iPhone 5s for sale. Comes with original box, no charger. Please contact me for more information.
    ",Verizon iphone 5s 32GB,http://atlanta.craigslist.org/atl/mob/4939422787.html,1,5s
71,atlanta,cell phones,US,2015-03-19 00:00:00, (kennesaw),200.0,GA,all atlanta,"
        i have 4 unlocked verizon brand new in box Iphone 5c in different colors. 200 each or you can buy all four to total 725. First come first serve.
    ","Iphone 5c in white, yellow, green, and pink",http://atlanta.craigslist.org/nat/mob/4939410318.html,1,5c
72,atlanta,cell phones,US,2015-03-19 00:00:00, (old national hwy),260.0,GA,all atlanta,"
        Apple iPhone 5 (at&t) 16gb .... $260",iPhone 5 Apple (AT&T) 16gb,http://atlanta.craigslist.org/sat/mob/4910117344.html,1,5
73,atlanta,cell phones,US,2015-03-19 00:00:00, (Atlanta),100.0,GA,all atlanta,"
        ",Unlocked iPhone 6,http://atlanta.craigslist.org/atl/mod/4939285933.html,1,6
74,atlanta,cell phones,US,2015-03-19 00:00:00, (Stone Mtn.),200.0,GA,all atlanta,"
        Like new condition, white back, does not come with charger, text ",IPHONE 5C NEW CONDITION,http://atlanta.craigslist.org/atl/mob/4939288406.html,1,5c
75,atlanta,cell phones,US,2015-03-19 00:00:00, (Norcross),199.0,GA,all atlanta,"
        We are mobile and we can come to you!",WANTED Broken Blacklisted Bricked iPhone 5c/5s/6/6+ Galaxy S5 Note 3/4,http://atlanta.craigslist.org/atl/mob/4895995403.html,-1,-1
76,atlanta,cell phones,US,2015-03-19 00:00:00, (N Atlanta),300.0,GA,all atlanta,"
        I am selling a Brand New iPhone 5 black Factory Unlocked. ",NEW factory unlocked iPhone 5 32 gb with case $300 or best offer,http://atlanta.craigslist.org/atl/mob/4909599628.html,1,-1
77,atlanta,cell phones,US,2015-03-19 00:00:00, (N Atlanta),300.0,GA,all atlanta,"
        I am selling a Brand New iPhone 5 black Factory Unlocked. ",NEW factory unlocked iPhone 5 with case North Atlanta,http://atlanta.craigslist.org/atl/mob/4914247925.html,1,-1
78,atlanta,cell phones,US,2015-03-19 00:00:00, (lawrenceville),150.0,GA,all atlanta,"
        Up for grabs is a white 16GB at&t iPhone 4s",AT&T WHITE IPHONE 16 GB 4S WITH BLACK DEFENDER OTTERBOX AND CHARGER,http://atlanta.craigslist.org/nat/mob/4919991031.html,1,-1
79,atlanta,cell phones,US,2015-03-19 00:00:00, (lithonia),475.0,GA,all atlanta,"
        T-Mobile iPhone 6 flawless condition just comes with charger
    ",iPhone 6 T-Mobile,http://atlanta.craigslist.org/eat/mob/4939503612.html,1,6
80,atlanta,cell phones,US,2015-03-19 00:00:00, (Alpharetta),170.0,GA,all atlanta,"
        This phone has a clean esn and can be used on a Verizon network. This phone has no cracks on the screen but normal wear and tear on the back of the phone. Please text ",***~~IPHONE 5 16GB VERIZON~~***,http://atlanta.craigslist.org/nat/mob/4939508620.html,1,5
81,atlanta,cell phones,US,2015-03-19 00:00:00, (dacula),500.0,GA,all atlanta,"
        Hello,",White IPhone 5S 64gb!!!!!!! Like New!,http://atlanta.craigslist.org/nat/mob/4939483083.html,1,5s
82,atlanta,cell phones,US,2015-03-19 00:00:00, (DECATUR),500.0,GA,all atlanta,"
        TOP BUYER OF ALL SMARTPHONES IN ATLANTA",LET ME BUY OUR IPHONE! I HAVE CASH,http://atlanta.craigslist.org/atl/mob/4939382708.html,-1,-1
83,atlanta,cell phones,US,2015-03-19 00:00:00, (Henry County),350.0,GA,all atlanta,"
        iPhone 5s Gold Qualities:",iPhone 5s 32GB AT&T,http://atlanta.craigslist.org/sat/mob/4924885036.html,1,5s
84,atlanta,cell phones,US,2015-03-19 00:00:00, (stone mtn),349.0,GA,all atlanta,"
        Excellent Condition!",UNLOCKED IPHONE 5S 16gb MUST SELL NOW Reduced Price!,http://atlanta.craigslist.org/eat/mob/4939476520.html,1,5s
85,atlanta,cell phones,US,2015-03-19 00:00:00, (Sharpsburg),160.0,GA,all atlanta,"
        Up for sale one white/black 16gb iphone 5c. In good working condition with minor cosmetic wear. If interested please contact me at ",Iphone 5c at&t 16gb,http://atlanta.craigslist.org/sat/mob/4926022810.html,1,5c
86,atlanta,cell phones,US,2015-03-19 00:00:00, (SANDY SPRINGS),350.0,GA,all atlanta,"
        AMAZING DEAL!!!",IPHONE 5C CLEAN ESN WITH BLUETOOTH HEADSET!,http://atlanta.craigslist.org/atl/mod/4939095866.html,1,5c
87,atlanta,cell phones,US,2015-03-19 00:00:00, (Lithonia),500.0,GA,all atlanta,"
        Brand new iPhone 6 T-Mobile comes with charger texts me or call I do not ship or mail thank u
    ",iPhone 6 T-Mobile,http://atlanta.craigslist.org/atl/mob/4931423039.html,1,6
88,atlanta,cell phones,US,2015-03-19 00:00:00, (Gwinnett),310.0,GA,all atlanta,"
        This phone is  in excellent condition.  ",Iphone 5s AT&T,http://atlanta.craigslist.org/nat/mob/4919598768.html,1,5s
89,atlanta,cell phones,US,2015-03-19 00:00:00, (Buford),350.0,GA,all atlanta,"
        Apple iPhone 5s 16GB",AT&T iPhone 5s 16GB Black,http://atlanta.craigslist.org/nat/mob/4938779821.html,1,5s
90,atlanta,cell phones,US,2015-03-19 00:00:00, (atlanta),250.0,GA,all atlanta,"
        Everything included.",!!! iphone 5S!!! with accessories 64GB Apple Care Factory Unlocked,http://atlanta.craigslist.org/atl/mob/4935455719.html,1,5s
91,atlanta,cell phones,US,2015-03-19 00:00:00, (lithonia),575.0,GA,all atlanta,"
        T-Mobile iPhone 6 flawless condition just comes with charger texts or email only thanks
    ",T-Mobile iPhone 6,http://atlanta.craigslist.org/atl/mob/4930055239.html,1,6
92,atlanta,cell phones,US,2015-03-19 00:00:00,,700.0,GA,all atlanta,"
        I have a 64 Space Gray 6plus with Apple Care And Zagg glass screen protector so Not a scratch on it.  Apple leather case and Clear UAG case will come with it. ",64gb iPhone 6+ for trade to iPhone 6.,http://atlanta.craigslist.org/nat/mob/4938857573.html,-1,-1
93,atlanta,cell phones,US,2015-03-19 00:00:00, (Marietta),300.0,GA,all atlanta,"
        ***32GB White iPhone 5 Factory Unlocked for sale***",***32GB White iPhone 5 Factory Unlocked for sale***,http://atlanta.craigslist.org/atl/mob/4938860219.html,1,5
94,atlanta,cell phones,US,2015-03-19 00:00:00, (Marietta),300.0,GA,all atlanta,"
        iPhone 5 32GB White Factory Unlocked for sale",iPhone 5 32GB White Factory Unlocked for sale,http://atlanta.craigslist.org/atl/mob/4938861213.html,1,5
95,atlanta,cell phones,US,2015-03-19 00:00:00, (Marietta),300.0,GA,all atlanta,"
        iPhone 5 32GB White Factory Unlocked for sale",iPhone 5 32GB White Factory Unlocked for sale,http://atlanta.craigslist.org/atl/mob/4938862405.html,1,5
96,atlanta,cell phones,US,2015-03-19 00:00:00, (atlanta),300.0,GA,all atlanta,"
        ****Factory Unlocked 32 GB iPhone 5***** ",****Factory Unlocked 32 GB iPhone 5*****,http://atlanta.craigslist.org/atl/mob/4938863110.html,1,5
97,atlanta,cell phones,US,2015-03-19 00:00:00, (OBO),100.0,GA,all atlanta,"
        In excellent condition, has small crack on back and a tiny chip on corner. No other damage besides that. Can be connected to any wireless service, also has been factory reset and wiped clear. owned by elderly woman only used a few months. Comes with a brand new pink otter box, which has a life warranty. Free replacements when damage is done. Earphones, and charger included as well.
    ",IPhone 4,http://atlanta.craigslist.org/nat/mob/4938899348.html,1,4
98,atlanta,cell phones,US,2015-03-19 00:00:00,,400.0,GA,all atlanta,"
        Selling 3 iPhone 6 Plus for $400 Each",iPhone 6 Plus Brand New 128GB,http://atlanta.craigslist.org/eat/mob/4938914287.html,1,6+
99,atlanta,cell phones,US,2015-03-19 00:00:00,,220.0,GA,all atlanta,"
        Slighty cracked",iphone 5+ unlocked,http://atlanta.craigslist.org/atl/mob/4929492106.html,1,5
100,atlanta,cell phones,US,2015-03-19 00:00:00,,400.0,GA,all atlanta,"
        Selling 3 iPhone 6 Plus for $400 Each",iPhone 6 Plus Brand New 128GB,http://atlanta.craigslist.org/wat/mob/4938917043.html,1,6+
101,atlanta,cell phones,US,2015-03-19 00:00:00,,700.0,GA,all atlanta,"
        Flawless in condition ",iphone 6+ AT&T,http://atlanta.craigslist.org/atl/mob/4929485615.html,1,6
102,atlanta,cell phones,US,2015-03-19 00:00:00,,400.0,GA,all atlanta,"
        Selling 3 iPhone 6 Plus for $400 Each",iPhone 6 Plus Brand New 128GB,http://atlanta.craigslist.org/nat/mob/4938913313.html,1,6+
103,atlanta,cell phones,US,2015-03-19 00:00:00,,400.0,GA,all atlanta,"
        Selling 3 iPhone 6 Plus for $400 Each",Apple iPhone 6 Plus 128GB,http://atlanta.craigslist.org/atl/mob/4938912404.html,1,6+
104,atlanta,cell phones,US,2015-03-19 00:00:00,,400.0,GA,all atlanta,"
        Selling 3 iPhone 6 Plus for $400 Each",iPhone 6 Plus 128GB,http://atlanta.craigslist.org/sat/mob/4938914986.html,1,6+
105,atlanta,cell phones,US,2015-03-19 00:00:00,,150.0,GA,all atlanta,"
        IPhone 4s 8gb for sale...great condition...clean esn..still has a warrenty comes with home and car charger.","""""iphone 4s 8gb"""" -",http://atlanta.craigslist.org/atl/mod/4938914288.html,1,4s
106,atlanta,cell phones,US,2015-03-19 00:00:00, (Canton),200.0,GA,all atlanta,"
        phone is in great condition  with no cracks or scratches visible. phone is on at&t network
    ",iphone 5 black,http://atlanta.craigslist.org/nat/mob/4938963725.html,1,5
107,atlanta,cell phones,US,2015-03-18 00:00:00," (Lithonia, GA)",1249.0,GA,all atlanta,"
        2G: GSM 
 ",iPhone 6 Plus 64GB Unlocked,http://atlanta.craigslist.org/atl/mob/4938615436.html,1,6+
108,atlanta,cell phones,US,2015-03-18 00:00:00, (DULUTH),525.0,GA,all atlanta,"
        HI ",iPhone 6 16GB ATT SPACE GREY - LIKE NEW,http://atlanta.craigslist.org/nat/mob/4938265903.html,1,6
109,atlanta,cell phones,US,2015-03-18 00:00:00, (Gwinnett),200.0,GA,all atlanta,"
        Good condition , no cracks or scratches AT&T carrier , text me for more info
    ",iPhone 6,http://atlanta.craigslist.org/nat/mob/4937970129.html,1,6
110,atlanta,cell phones,US,2015-03-18 00:00:00,,650.0,GA,all atlanta,"
        Selling my iPhone 6 Plus 32gb Verizon, color ""Space Gray"". It has a clean ESN and is in mint condition. No scratches or dents at all, fully functioning.",iPhone 6 Plus 32gb Verizon,http://atlanta.craigslist.org/sat/mod/4937758704.html,1,6+
111,atlanta,cell phones,US,2015-03-18 00:00:00,,200.0,GA,all atlanta,"
        Hi, ",**lovely**Brand New IPhone 5s Gold AT&T,http://atlanta.craigslist.org/atl/mod/4937700503.html,1,5s
112,atlanta,cell phones,US,2015-03-18 00:00:00, (atlanta),600.0,GA,all atlanta,"
        In great condition,It works for Verizon. It only comes with the phone and charger all I have I am sorry. great condition just needs some one to buy it. I am selling it because I have no longer of a use for it. If you are interested don't harass me about the phone. The phone is in great condition and it is perfect if you are wanting to know it is a 9 out of 10 only because its used. ",iPhone 6 Verizon white and gold 16gb,http://atlanta.craigslist.org/atl/mob/4937858547.html,1,6
113,atlanta,cell phones,US,2015-03-18 00:00:00,,220.0,GA,all atlanta,"
        iphone 5s 16gb for sale. In great condition! Everything works perfectly, and there is very little wear. ",iphone 5s 16gb for sale,http://atlanta.craigslist.org/atl/mod/4937755975.html,1,5s
114,atlanta,cell phones,US,2015-03-18 00:00:00, (Duluth ga),225.0,GA,all atlanta,"
        iPhone 5 unlock ready to use International with any carrier. I have been taking care of this phone with a case and also screen protector ! ",iPhone 5 Unlock great conditions!,http://atlanta.craigslist.org/nat/mob/4937939584.html,1,5
115,atlanta,cell phones,US,2015-03-18 00:00:00, (South Atlanta),100.0,GA,all atlanta,"
        T-Mobile USA iPhone 4, 4S, 5, 5C, 5S, 6, 6+ - [2-7 Business Days] Factory Unlock Service",T-Mobile iPhone Factory Unlocking,http://atlanta.craigslist.org/atl/mob/4925580014.html,1,0
116,atlanta,cell phones,US,2015-03-18 00:00:00, (SOUTH ATLANTA),65.0,GA,all atlanta,"
        DO YOU HAVE AN IPHONE THAT YOU HAVE WANTED TO UNLOCKED SINCE LIKE YESTERDAY?",IPHONE FACTORY UNLOCKING (IPHONE 6 & IPHONE 6 PLUS),http://atlanta.craigslist.org/atl/mod/4913118440.html,1,6+
117,atlanta,cell phones,US,2015-03-18 00:00:00, (Hampton),100.0,GA,all atlanta,"
        I have an iPhone 4 8gig for sale. It's in great condition currently activated on net10 until 3/20/15
    ",iPhone 4,http://atlanta.craigslist.org/sat/mob/4937987572.html,1,4
118,atlanta,cell phones,US,2015-03-18 00:00:00,,600.0,GA,all atlanta,"
        I am selling my  iPhone 6 32gb gold trimmed it is unlocked, I upgraded to the 6plus so I no longer need it, it is in new condition comes with box and charger.",iPhone 6 32gb gold,http://atlanta.craigslist.org/wat/mod/4937754682.html,1,6
119,atlanta,cell phones,US,2015-03-18 00:00:00, (college park),75.0,GA,all atlanta,"
        i bought this phone off craigslist not knowing it was icloud locked so i can't use it. i paid way more than 75.00 bucks for it so please don't call me with a millions questions and trying to low ball. will meet only in a public place. ",iphone 5c broken screen icloud locked,http://atlanta.craigslist.org/atl/mob/4937961553.html,1,5c
120,atlanta,cell phones,US,2015-03-18 00:00:00, (Loganville),300.0,GA,all atlanta,"
        I am selling this phone because I have an iPhone 6 and I don't want it anymore. The phone a few scratches, dents, or chips, and comes with original box. This phone comes with the charger too.",For Sale: Sprint Apple iPhone 5s Gold,http://atlanta.craigslist.org/eat/mob/4937993302.html,1,5s
121,atlanta,cell phones,US,2015-03-18 00:00:00,,150.0,GA,all atlanta,"
        iPhone 4s 16gb at&t with a custom carbon fiber back plate would be extremely hard to break. One screw broke and the other one lost. ",iPhone 4s 16gb at&t,http://atlanta.craigslist.org/nat/mod/4937755281.html,1,4s
122,atlanta,cell phones,US,2015-03-18 00:00:00, (Braselton),100.0,GA,all atlanta,"
        I have a Black Iphone 4 with Sprint that is in good condition and has a clean ESN.  It has had a screen protector and case on it since day one.  This phone works perfectly I just upgraded to an Iphone 5s so I don't need it anymore.  I can text pics upon request.  If interested contact me.
    ",Iphone 4,http://atlanta.craigslist.org/nat/mob/4938001237.html,1,4
123,atlanta,cell phones,US,2015-03-18 00:00:00, (SOUTH ATLANTA),85.0,GA,all atlanta,"
        DO YOU HAVE AN IPHONE THAT YOU HAVE WANTED TO UNLOCKED SINCE LIKE YESTERDAY?",IPHONE FACTORY UNLOCKING,http://atlanta.craigslist.org/atl/mod/4913122546.html,1,0
124,atlanta,cell phones,US,2015-03-18 00:00:00,,350.0,GA,all atlanta,"
        I just upgraded to the Iphone 6 with Sprint.  I have a 5s that I have had for less than a year.  The phone is in excellent condition with a clean ESN.  Upon request I can give you the ESN number so you can call Sprint to verify that it is good.  Call or text me and I can send you pics.  Cash only and please only those who are serious contact me about this phone.  Thanks,
    ",Sprint White Iphone 5s 16 gb,http://atlanta.craigslist.org/nat/mob/4938012093.html,1,5s
125,atlanta,cell phones,US,2015-03-18 00:00:00, (norcross),375.0,GA,all atlanta,"
        iPhone 5s ATT 32GB Space Grey. Applecare is good through September. ",iPhone 5s ATT 32GB Space Grey Applecare,http://atlanta.craigslist.org/nat/mob/4938047461.html,1,5s
126,atlanta,cell phones,US,2015-03-18 00:00:00, (old fourth ward),150.0,GA,all atlanta,"
        This is a used iPhone 5 with clean ESN. Cosmetically, it has endured a few drops. Even though I used a case, it still is a bit banged up in the corners. However, if you put a case on it, you won't even notice -- the screen itself is in excellent condition and functions great. Price is negotiable due to cosmetic condition.",iPhone 5 / Sprint / 16GB / black / unlockable!,http://atlanta.craigslist.org/atl/mob/4938036837.html,1,5s
127,atlanta,cell phones,US,2015-03-18 00:00:00,,230.0,GA,all atlanta,"
        Here posted for sale is a used Apple iPhone 5 32gb Black for Sprint providers with case included. Phone is unlocked This sale is for local pickup only. No power cable or headphones included. Cash only on local pickup. Paypal & Shipping options available.
    ",Used iPhone 5 32gb Black w/ case (Sprint),http://atlanta.craigslist.org/atl/mob/4938084651.html,1,-1
128,atlanta,cell phones,US,2015-03-18 00:00:00, (Marietta),750.0,GA,all atlanta,"
        I have a perfect condition iPhone 6 Plus Space Gray For T-Mobile I  Just Bought It Today Brand NEW Never opened comes With All Accessories Including Box And I Still Have The Receipt For It Please Contact Me If Your Interested @",iPhone 6 Plus,http://atlanta.craigslist.org/atl/mob/4938096422.html,1,6+
129,atlanta,cell phones,US,2015-03-18 00:00:00, (Atlanta),100.0,GA,all atlanta,"
        The phone is in excellent condition. No sign of usage at all. Everything is working perfectly. It is AT&T version but it has been unlocked for Tmobile or any GSM carrier all over the world. All passwords and apple iCloud lock were cleared. It is ready for the new owner. It comes with usb cable and wall charger.",****Factory Unlocked iPhone 4 8gig-- Clean ESN*****,http://atlanta.craigslist.org/atl/mob/4931470578.html,1,4
130,atlanta,cell phones,US,2015-03-18 00:00:00, (Atlanta),200.0,GA,all atlanta,"
        black iphone 5 in great shape.  No cracks/dents.  Battery in great shape. factory unlocked
    ",Iphone 5 16 g,http://atlanta.craigslist.org/atl/mob/4938119290.html,1,5
131,atlanta,cell phones,US,2015-03-18 00:00:00, (Forsyth County),120.0,GA,all atlanta,"
        Sprint IPhone 4s 16gb - great condition with a crack on the back. The front is crack free and works perfectly. Comes with charger to. LOOKING TO SELL FAST! Will send you pictures of phone if asked. ",Sprint IPhone 4s 16gb,http://atlanta.craigslist.org/nat/mob/4922493968.html,1,4s
132,atlanta,cell phones,US,2015-03-18 00:00:00, (atlanta),80.0,GA,all atlanta,"
        CLEAN ESN",Iphone 6 plus gold 16gb,http://atlanta.craigslist.org/atl/mod/4937928945.html,1,6+
133,atlanta,cell phones,US,2015-03-18 00:00:00, (BEAVER RUIN/NORCROSS/GWINNETT/ATLANTA WILL MEET),250.0,GA,all atlanta,"
        Hello i have a excellent condition At&t iPhone 5 clean Iemi for sale comes with wall charger data cable screen protector headphones and full body protective case you get all this for only $250 dollars firm . . . . .",~!~ AT&T CLEAN IEMI IPHONE 5 BUNDLE PACK~!~,http://atlanta.craigslist.org/atl/mob/4930089476.html,1,5
134,atlanta,cell phones,US,2015-03-18 00:00:00, (I-20/285 East),420.0,GA,all atlanta,"
        This is for a Grey iPhone 6 AT&T ",iPhone 6 plus Grey 16gb AT&T,http://atlanta.craigslist.org/eat/mob/4937745913.html,1,6+
135,atlanta,cell phones,US,2015-03-17 00:00:00," (Cool Tech Wireless, Norcross)",700.0,GA,all atlanta,"
        ALL OF OUR ITEMS COME WITH WARRANTY! CLEAN IMEI/ESN OR MONEY BACK!!",iPhone 6 Plus 16Gb Silver GSM Unlocked Refurbished,http://atlanta.craigslist.org/eat/mod/4936805581.html,1,6+
136,atlanta,cell phones,US,2015-03-17 00:00:00,,650.0,GA,all atlanta,"
        Brand New With 12 Month Warranty And The Accessories That Comes With The Phone (Extra $50 for 3 Cases (Water Proof Case, Shock Proof Case, and Charger Case) And 2 Chargers ( Glow In The Dark & 10 ft. ))
    ",Brand New iPhone 6 With Best Deal,http://atlanta.craigslist.org/atl/mob/4936884633.html,1,6
137,atlanta,cell phones,US,2015-03-17 00:00:00, (Alpharetta),199.0,GA,all atlanta,"
        $199 or OBO. This phone was with AT&T and its unlocked by At&t itself. I have used it with T-mobile too. It's in excellent condition. Except a small chip on the corner which is not significant or noticeable. It comes with protector case, TWO chargers, Headphones, box and screen protectors too. Very gently used. I can meet in common places North of perimeter mall. Cash only! If this ad is here, it is still for sale!
    ",iPhone 5 16GB Unlocked Excellent Box incl. T-Mobile ATT any carrier,http://atlanta.craigslist.org/nat/mob/4936948496.html,1,5
138,atlanta,cell phones,US,2015-03-17 00:00:00, (Brookhaven),150.0,GA,all atlanta,"
        I am selling my used iPhone 4s. This phone is still in great condition (although there are a few small surface scratches on the corners- screen and glass are in perfect condition) and will come with a car & wall charger, and also a otter-box like case. Please contact me if you are a interested, SERIOUS buyer. Thanks! Six7eight-462-nine16zero.
    ",iPhone 4s- Black,http://atlanta.craigslist.org/atl/mob/4936949525.html,1,4s
139,atlanta,cell phones,US,2015-03-18 00:00:00, (Buford),265.0,GA,all atlanta,"
        In good condition - comes with the original box - see pictures for details. Clean ESN - I can meet you at a Sprint store so that you can activate it on your account and check the IMEI.",Apple iPhone 5 - 64GB - Black & Slate (Sprint) Smartphone Clean ESN!!!,http://atlanta.craigslist.org/nat/mob/4938105132.html,1,5
140,atlanta,cell phones,US,2015-03-17 00:00:00, (hiram),70.0,GA,all atlanta,"
        Iphone was unlocked use to be Sprint network, downloaded the new IOS software in error. Had to get it jailbroke to make calls and text. Since that happened unable to access mobile data, only wifi. Could be fixed with the Apple Technical Support. It only has small crack on bad thats it, picture isnt that great. Phone works you just need Uverse /Wifi.Currently on T-Mobile
    ","Iphone 4S- Jailbroken,unlocked",http://atlanta.craigslist.org/wat/mob/4936968393.html,1,4s
141,atlanta,cell phones,US,2015-03-17 00:00:00,,130.0,GA,all atlanta,"
        I have an iPhone 4s, 32GB, low wear,with completely restored memory. It's unlocked. $130.
    ",iPhone 4s 32GB for sale in ATL,http://atlanta.craigslist.org/atl/mob/4936979234.html,1,4s
142,atlanta,cell phones,US,2015-03-17 00:00:00, (Stockbridge),185.0,GA,all atlanta,"
        Selling my Gold iPhone 5s for T-mobile. This phone is paid off I recently dropped it and cracked it and it doesn't hold a charge well. This is my current phone but once I sell I will be getting something new. Please fill free to ask questions. I'm being very honest about the phone's condition. Contact me by phone call, text, or email if interested. ",Gold iPhone 5s T-mobile,http://atlanta.craigslist.org/sat/mob/4936964903.html,1,5s
143,atlanta,cell phones,US,2015-03-17 00:00:00, (Gainesville),600.0,GA,all atlanta,"
        Is in great conditions with Screen protector just not really an iPhone fan and would like to Get a galaxy for more info contact me, if you got $500 in your hand the phone is yours not sure if the phone is unlock thoe?
    ",iPhone 6 Sprint 16gb,http://atlanta.craigslist.org/nat/mob/4936980795.html,1,6
144,atlanta,cell phones,US,2015-03-17 00:00:00,,125.0,GA,all atlanta,"
        Apple iPhone 5 - 16GB - White & Silver (AT&T) Smartphone (MD635LL/A)",iPhone 5 - 16GB - White & Silver like new,http://atlanta.craigslist.org/wat/mob/4920588340.html,1,5
145,atlanta,cell phones,US,2015-03-17 00:00:00, (Public),500.0,GA,all atlanta,"
        Gold 128 gb iPhone 6 with charger case and extra protective case. Have box. Like new. (Sprint) make me an offer. Do not contact regarding PayPal!!!! Cash only.
    ",(No PayPal) Gold 128 gb iPhone 6 with charge case (sprint),http://atlanta.craigslist.org/atl/mob/4937018462.html,1,-1
146,atlanta,cell phones,US,2015-03-17 00:00:00,,300.0,GA,all atlanta,"
        I am selling my iphone 5s its for AT&T.  It is still in contract but You can unlock in online site like ebay or you can use with AT&T . I am moving out of country i would like to sell it ASAP. I will provide IMEI number so that you can verify  before we can meet any public place.
    ",IPhone 5s gold 32gb//great condition,http://atlanta.craigslist.org/atl/mob/4937030901.html,1,5s
147,atlanta,cell phones,US,2015-03-17 00:00:00,,600.0,GA,all atlanta,"
        Excellent condition only had for a month needed more storage so I upgraded. Gold iPhone 6 with TMobile have a few phone cases Victoria Secret brands and some clear and also glow in dark cases.
    ",iPhone 6 TMobile 16GB gold,http://atlanta.craigslist.org/nat/mob/4937123588.html,1,6
148,atlanta,cell phones,US,2015-03-17 00:00:00,,200.0,GA,all atlanta,"
        Brand new iPhone 5 16GB. Still has packaging stickers on it, never been used. Replaced my 5 then I upgraded to the iphone 6.",Brand new iphone 5 -- Sprint,http://atlanta.craigslist.org/atl/mob/4895053330.html,1,5s
149,atlanta,cell phones,US,2015-03-17 00:00:00, (GA),180.0,GA,all atlanta,"
        Please visit page",Apple iPhone 5s 64GB,http://atlanta.craigslist.org/atl/mod/4937152028.html,1,5s
150,atlanta,cell phones,US,2015-03-18 00:00:00,,240.0,GA,all atlanta,"
        Like new pink iPhone 5c. Unlocked for any sim carrier. Great condition! Serious Buyers contact me ASAP! Nia 
 ",Pink iPhone 5c *Factory Unlocked*,http://atlanta.craigslist.org/atl/mob/4937277117.html,1,5c
151,atlanta,cell phones,US,2015-03-18 00:00:00, (Atlanta),700.0,GA,all atlanta,"
        Verizon Space Grey iPhone 6 64GB for sale or trade (read details)",Verizon Space Grey iPhone 6 64GB for sale or trade (read details),http://atlanta.craigslist.org/atl/mob/4937268039.html,1,-1
152,atlanta,cell phones,US,2015-03-18 00:00:00, (Atlanta/Norcross/Marrietta),700.0,GA,all atlanta,"
        64 GB iPhone 6 plus, white, ATT, good condition. no cracks or scratches. Comes with original box, charger, and headphones. 700. Text ",64 GB iphone 6 plus,http://atlanta.craigslist.org/atl/mob/4937139508.html,1,6+
153,atlanta,cell phones,US,2015-03-18 00:00:00, (South Atlanta),575.0,GA,all atlanta,"
        I have a brand new IPhone 6 Plus 16gb this phone haven't ever been used the only way you can buy the phone is if you meet me at a police station txt me at ",Iphone 6 Plus,http://atlanta.craigslist.org/sat/mob/4937287686.html,1,6+
154,atlanta,cell phones,US,2015-03-18 00:00:00, (Atlanta),800.0,GA,all atlanta,"
        At&t Space Grey iPhone 6+ 64GB for trade or sale (read details)",At&t Space Grey iPhone 6+ 64GB for trade or sale (read details),http://atlanta.craigslist.org/atl/mob/4937271075.html,1,-1
155,atlanta,cell phones,US,2015-03-18 00:00:00, (Atlanta),100.0,GA,all atlanta,"
        it 'has a icloud lock bought it off ebay seller didnt tell me so i lost $200 i dont know how to unlock or anyone so my lose ur gain if u can use it ",iphone 5s at&t black,http://atlanta.craigslist.org/atl/mob/4937313667.html,1,5s
156,atlanta,cell phones,US,2015-03-18 00:00:00,,80.0,GA,all atlanta,"
        Like new- no scratches",Iphone 4 - 8g Sprint -EUC-price reduced!!,http://atlanta.craigslist.org/nat/mob/4937357577.html,1,4
157,atlanta,cell phones,US,2015-03-17 00:00:00, (Gwinnett),200.0,GA,all atlanta,"
        iPhone 5 for sale. Nothing wrong with the phone, I just got the iPhone 6. Looking for 175, but I will consider any reasonable offer. Text/Call me at ",iPhone 5 ATT 175 OBO,http://atlanta.craigslist.org/atl/mob/4936196553.html,1,5
158,atlanta,cell phones,US,2015-03-17 00:00:00, (Camp Creek & Fulton Indus Blvd or Ex 9 GA 400),230.0,GA,all atlanta,"
        Pink Iphone 5c 16 gb unlocked and unused.  No problems at all with the unit.  No box  but packaged.  Mfg warranty.
    ",Iphone 5c pink 16 gb unlocked unused,http://atlanta.craigslist.org/wat/mob/4923728431.html,1,5c
159,atlanta,cell phones,US,2015-03-17 00:00:00, (LAWRENCEVILLE),65.0,GA,all atlanta,"
        Yes $65 iphone 5 lcd/glass repair (full front.)",iphone 5 5S 5C glass lcd replacement,http://atlanta.craigslist.org/nat/mob/4925680470.html,-1,-1
160,atlanta,cell phones,US,2015-03-17 00:00:00, (SUWANEE),65.0,GA,all atlanta,"
        Yes $65 iphone 5 lcd/glass repair (full front.)",iphone 5 5S 5C glass lcd replacement,http://atlanta.craigslist.org/nat/mob/4925684938.html,-1,-1
161,atlanta,cell phones,US,2015-03-17 00:00:00, (LAWRENCEVILLE),65.0,GA,all atlanta,"
        Yes $65 iphone 5 lcd/glass repair (full front.)",iphone 5 5S 5C glass lcd replacement,http://atlanta.craigslist.org/nat/mob/4925678578.html,-1,-1
162,atlanta,cell phones,US,2015-03-17 00:00:00, (Dahlonega),225.0,GA,all atlanta,"
        iPhone 5 in perfect condition, no scratches everything works as it should. The phone has been in an Otter Box case since day 1.",iPhone 5 16gb AT&T - PERFECT,http://atlanta.craigslist.org/nat/mob/4936056082.html,1,5
163,atlanta,cell phones,US,2015-03-17 00:00:00, (LAWRENCEVILLE),65.0,GA,all atlanta,"
        Yes $65 iphone 5 lcd/glass repair (full front.)",iphone 5 5S 5C glass lcd replacement,http://atlanta.craigslist.org/nat/mob/4925675481.html,-1,-1
164,atlanta,cell phones,US,2015-03-17 00:00:00,,150.0,GA,all atlanta,"
        Phone is gorgeous condition. Kept in a shell since birth. (Only about 6 months old). It is jailbroken on iOS 8.1.2. Cydia installed and I added a few nice repos. It's a 16gig, white phone that is NOT unlocked. It is an AT&T GSM phone. It was my work phone and not available to unlock through ATT yet. Phone is 100% functional and in excellent condition. ","[Apple] iPhone 5s (16g) White, AT&T",http://atlanta.craigslist.org/atl/mod/4936024176.html,1,5s
165,atlanta,cell phones,US,2015-03-17 00:00:00, (POWDER SPRINGS),200.0,GA,all atlanta,"
        My iPhone 5 is clean esn for T-Mobile and has scratches and was my personal phone for a year. I want $200 firm. ",Tmobile iPhone 5 16gb,http://atlanta.craigslist.org/atl/mob/4936078588.html,1,5
166,atlanta,cell phones,US,2015-03-17 00:00:00,,140.0,GA,all atlanta,"
        *** Sprint iPhone 5 16gb ***",Sprint iPhone 5 16gb,http://atlanta.craigslist.org/atl/mod/4936024148.html,1,5
167,atlanta,cell phones,US,2015-03-17 00:00:00, (Norcross),550.0,GA,all atlanta,"
        I am selling a brand new white front and silver back iPhone 6 16gb for T-Mobile for $550. You can get it unlocked though. It comes in the box with all of the original accessories except for the earphones. No trades and no shipping!! We can meet at a T-Mobile store. Please text ",Brand new iPhone 6 tmobile,http://atlanta.craigslist.org/nat/mob/4932969259.html,1,6
168,atlanta,cell phones,US,2015-03-17 00:00:00, (Wireless World Atl),300.0,GA,all atlanta,"
        Wireless World ATL ",Like New iPhone 5C At&t For Only,http://atlanta.craigslist.org/atl/mod/4931595122.html,1,5c
169,atlanta,cell phones,US,2015-03-17 00:00:00, (norcross/Atlanta),550.0,GA,all atlanta,"
        I am selling a brand new white front and silver back iPhone 6 16gb for T-Mobile for $550. You can get it unlocked though. It comes in the box with all of the original accessories except for the earphones. No trades and no shipping!! We can meet at a T-Mobile store. Please text ",Brand new iPhone 6 16gb tmobile,http://atlanta.craigslist.org/nat/mob/4930765880.html,1,6
170,atlanta,cell phones,US,2015-03-17 00:00:00,,380.0,GA,all atlanta,"
        iPhone 6 16gb bulk any color",iPhone 6 Bulk,http://atlanta.craigslist.org/atl/mob/4919942240.html,1,6
171,atlanta,cell phones,US,2015-03-17 00:00:00, (Peachtree City),250.0,GA,all atlanta,"
        For sale is an iphone 5 in white. Phone is in excellent condition and comes with the Tech 21 case in the picture. Includes charger and original box.
    ",Iphone 5 16GB AT&T White - unlocked,http://atlanta.craigslist.org/sat/mob/4922964824.html,1,5
172,atlanta,cell phones,US,2015-03-17 00:00:00,,320.0,GA,all atlanta,"
        Hi, ",iPhone 5c 8GB WHITE,http://atlanta.craigslist.org/eat/mob/4936194512.html,1,5c
173,atlanta,cell phones,US,2015-03-17 00:00:00, (Ellijay),85.0,GA,all atlanta,"
        Selling white iPhone 4s from verizon network. 16gb. Less then year old. Has minor crack in screen. Works fine otherwise. Comes with black otter box and belt clip. Original phone box and 6ft wall charger. I may have additional belt clip I'll throw in and at least another high quality charger for free.  Call or text.
    ",iPhone 4s 16gb verizon,http://atlanta.craigslist.org/atl/mob/4928723387.html,1,4s
174,atlanta,cell phones,US,2015-03-17 00:00:00, (Kennesaw),120.0,GA,all atlanta,"
        I'm selling an Iphone 4s 16G Atgt is in good condition, I was the only owner and it have been in my drawer for 4 months.
    ",Iphone 4s 16G ATgT,http://atlanta.craigslist.org/atl/mob/4922677770.html,1,4s
175,atlanta,cell phones,US,2015-03-16 00:00:00, (Downtown Atlanta),65.0,GA,all atlanta,"
        Good Condition Everything work Activation ready
    ",iphone 4 verizon 8gb,http://atlanta.craigslist.org/atl/mob/4935564047.html,1,4
176,atlanta,cell phones,US,2015-03-16 00:00:00," (Cool Tech Wireless, Norcross)",380.0,GA,all atlanta,"
        Cool Tech Wireless",iPhone 5S 16GB Silver AT&T Used,http://atlanta.craigslist.org/eat/mod/4935064189.html,1,5s
177,atlanta,cell phones,US,2015-03-16 00:00:00,,299.0,GA,all atlanta,"
        Selling T-Mobile iPhone 5s ",Gold iPhone 5s $299,http://atlanta.craigslist.org/atl/mob/4934869091.html,1,5s
178,atlanta,cell phones,US,2015-03-16 00:00:00, (CUMMING),150.0,GA,all atlanta,"
        got new phone, dont need this one anymore. works perfectly. 64 gig iphone 5 $150.FIRM Dont be a fool and ask for a lower price since you know this wont last one hour at this price. Works with SPRINT (lowest priced carrier ) lowest priced iphone 5 64G ANYWHERE! text or call ",iphone 5 64G Sprint great condition,http://atlanta.craigslist.org/atl/mob/4924401991.html,1,5
179,atlanta,cell phones,US,2015-03-16 00:00:00,,280.0,GA,all atlanta,"
        IPhone 5s for sale...already unlocked and compatible with any carrier...comes with an Otter Box... It's in great like new condition. Contact for any further details.
    ",IPHONE 5S UNLOCKED,http://atlanta.craigslist.org/atl/mob/4934536259.html,1,5s
180,atlanta,cell phones,US,2015-03-16 00:00:00,,100.0,GA,all atlanta,"
        Like new ipohne 4s for verizon. Works perfectly no damage.
    ",iPhone 4s Verizon,http://atlanta.craigslist.org/atl/mob/4923012456.html,1,4s
181,atlanta,cell phones,US,2015-03-16 00:00:00, (Atlanta),500.0,GA,all atlanta,"
        I have a unlocked Verizon iPhone 6plus 64gb unlocked the phone is space gray and has a minor crack which isn't noticeable bc it has a screen protector on it I am asking 500 bc of the crack i can be reached at ",Unlocked iPhone 6plus Verizon 64gb minor crack,http://atlanta.craigslist.org/atl/mob/4934605576.html,1,6+
182,atlanta,cell phones,US,2015-03-16 00:00:00, (Loganville),140.0,GA,all atlanta,"
        I have a used At&t Iphone 4s cell phone16gb for sale The phone has been well taken care of and is in perfect condition besides maybe 1 little thin scratch. Contact for any other info ",Iphone 4s 16gb At&t perfect condition,http://atlanta.craigslist.org/eat/mob/4934613177.html,1,4s
183,atlanta,cell phones,US,2015-03-16 00:00:00,,175.0,GA,all atlanta,"
        Like brand new ",Blue iPhone 5c,http://atlanta.craigslist.org/atl/mob/4934622222.html,1,5c
184,atlanta,cell phones,US,2015-03-16 00:00:00, (cobb county),300.0,GA,all atlanta,"
        Selling a white iPhone 5s 16g like new please let me know if interested in see pictures of it ",White iPhone 5s for sale AT&T,http://atlanta.craigslist.org/nat/mob/4934688924.html,1,5s
185,atlanta,cell phones,US,2015-03-16 00:00:00," (Cool Tech Wireless, Norcross)",250.0,GA,all atlanta,"
        Cool Tech Wireless",iPhone 5C 8GB Pink GSM Unlocked Used,http://atlanta.craigslist.org/eat/mod/4934637942.html,1,5c
186,atlanta,cell phones,US,2015-03-16 00:00:00, (atlanta ga),550.0,GA,all atlanta,"
        I have a brand new (never used) iPhone 6 (16 gig) for sale. I have everything that comes with it.  Must be willing to meet in safe public place. No funny business... $550 OBO
    ",IPHONE 6 (BRAND NEW) AT&T,http://atlanta.craigslist.org/nat/mob/4934797240.html,1,6
187,atlanta,cell phones,US,2015-03-16 00:00:00,,300.0,GA,all atlanta,"
        Unlocked like new condition IPHONE 5S... Comes with an otter box... Contact for further details...
    ",UNLOCKED IPHONE 5S,http://atlanta.craigslist.org/atl/mob/4934761386.html,1,5s
188,atlanta,cell phones,US,2015-03-16 00:00:00, (Cumming),110.0,GA,all atlanta,"
        For Sale: ",IPhone 4S AT&T 16gig,http://atlanta.craigslist.org/nat/mob/4934805399.html,1,4s
189,atlanta,cell phones,US,2015-03-16 00:00:00," (Cool Tech Wireless, Norcross)",420.0,GA,all atlanta,"
        Cool Tech Wireless",Used iPhone 5S 32GB Space Gray AT&T,http://atlanta.craigslist.org/eat/mod/4934664044.html,1,5s
190,atlanta,cell phones,US,2015-03-16 00:00:00, (Norcross),100.0,GA,all atlanta,"
        Serious buyers call me ",Apple IPhone 4S AT&T Black,http://atlanta.craigslist.org/atl/mob/4934825064.html,1,4s
191,atlanta,cell phones,US,2015-03-16 00:00:00, (Snellville),200.0,GA,all atlanta,"
        I have a black clean iphone 5s need gone today price is negotiable so call with your offers.",Clean Iphone 5s,http://atlanta.craigslist.org/atl/mob/4934829641.html,1,5s
192,atlanta,cell phones,US,2015-03-16 00:00:00," (Cool Tech Wireless, Norcross)",380.0,GA,all atlanta,"
        Cool Tech Wireless",Used iPhone 5S 16GB Gold GSM Unlocked,http://atlanta.craigslist.org/eat/mod/4934753509.html,1,5s
193,atlanta,cell phones,US,2015-03-16 00:00:00,,280.0,GA,all atlanta,"
        Unlocked iPhone 5s like new condition, comes with an otter box as well. Contact for any furthers details. There are a few pictures attatched.
    ",UNLOCKED IPHONE 5S,http://atlanta.craigslist.org/atl/mob/4934703861.html,1,5s
194,atlanta,cell phones,US,2015-03-16 00:00:00, (acworth),450.0,GA,all atlanta,"
        iPhone 6 sprint great condition clean esn (not stolen) 64 gb check the esn 356951064066040 then call me if you want to buy but must meet in acworth... Ps I'm not shipping you must meet text me @ ",Sprint iPhone 6,http://atlanta.craigslist.org/nat/mob/4934946350.html,1,6
195,atlanta,cell phones,US,2015-03-16 00:00:00, (Woodstock),275.0,GA,all atlanta,"
        Bad ESN But phone is only a month old. Switched services from TMobile to Verizon and have no use for the phone. The phone can be unlocked to work with other carriers.
    ",IPHONE 6 PLUS,http://atlanta.craigslist.org/nat/mob/4934956352.html,1,6+
196,atlanta,cell phones,US,2015-03-15 00:00:00," (Canton, GA)",250.0,GA,all atlanta,"
        Very clean phone. Had an Otter Box while in use. No dents, scratches, and screen is original and in perfect condition. ",Apple iPhone 5 - 16GB White& Silver AT&T,http://atlanta.craigslist.org/nat/mob/4933159529.html,1,5
197,atlanta,cell phones,US,2015-03-15 00:00:00, (Atlanta),75.0,GA,all atlanta,"
        Iphone 4 Sprint 8gb In great condition and the Esn is very Clean. If you want it you can have it. Call now Im asking $85 but will take the best offer. If you come with $75 there is no wait you can get it now. Call now if no answer please leave text ",Iphone 4 8gb Sprint White,http://atlanta.craigslist.org/atl/mob/4932949868.html,1,4
198,atlanta,cell phones,US,2015-03-15 00:00:00," (Doraville, Norcross, Chamblee)",600.0,GA,all atlanta,"
        New in box with all orginal unopened accessories. ",NIB iPhone 6 64 gb ATT Cricket H20 or can be unlocked,http://atlanta.craigslist.org/nat/mob/4932935348.html,1,6
199,atlanta,cell phones,US,2015-03-15 00:00:00, (Metro Atlanta),300.0,GA,all atlanta,"
        I have a clean imei and none Icloud  locked black Sprint IPhone 5S that is ready to use it is for sale or trade for a Verizon GS5 or a Note 2 on Verizon  no cracked screens and them are the only trades and or cash  on call or text if you have what I am looking for and I won't ship and don't have  pay pal or need help selling
    ",I have a 9/10 Sprint Iphone 5s for sale or trade for a Verizon GS5,http://atlanta.craigslist.org/atl/mob/4925102210.html,1,-1
200,atlanta,cell phones,US,2015-03-15 00:00:00,,580.0,GA,all atlanta,"
        I phone 6 16GB Gold for sale $500",IPhone 6 for sale and Samsung gear fit watch,http://atlanta.craigslist.org/wat/mob/4930097576.html,-1,-1
201,atlanta,cell phones,US,2015-03-15 00:00:00, (Flowery Branch),100.0,GA,all atlanta,"
        Iphone 4 Verizon comes with clear otter box case. Screen is scratch free works great. ",Iphone 4 Verizon,http://atlanta.craigslist.org/nat/mob/4933041866.html,1,4
202,atlanta,cell phones,US,2015-03-15 00:00:00, (Midtown),200.0,GA,all atlanta,"
        Open box Apple IPhone 5C 16gb In White. It is a Sprint phone but can also be used on Cricket Wireless. Clean ESN. This phone has never been activated on any carrier. ",APPLE IPHONE 5C White 16gb Cricket Wireless or Sprint,http://atlanta.craigslist.org/atl/mob/4933034881.html,1,5c
203,atlanta,cell phones,US,2015-03-15 00:00:00,,150.0,GA,all atlanta,"
        Iphone 4 16 gig AT&T unlocked white with several charging chords, charger.
    ",IPhone 4 16 gig AT&T unlocked,http://atlanta.craigslist.org/atl/mob/4918341780.html,1,4
204,atlanta,cell phones,US,2015-03-15 00:00:00,,100.0,GA,all atlanta,"
        I have an iPhone 4s for sale for $100 it has a scuff on back but not cracked for sale as is nothing wrong with functionality or screening phone just scuffed on the back or can fix and repair the back like new for 30 additional dollars. Serious buyers only.
    ",iPhone 4 s cheap!!!,http://atlanta.craigslist.org/atl/mob/4924085643.html,1,4s
205,atlanta,cell phones,US,2015-03-15 00:00:00, (Buford Ga),175.0,GA,all atlanta,"
        Iphone 5c for sale, very good condition. Willing to trade for Iphone 5, 5c, 5s on t mobile or at&t.",For sale or trade sprint iphone 5c 16gb,http://atlanta.craigslist.org/nat/mob/4933045412.html,1,-1
206,atlanta,cell phones,US,2015-03-15 00:00:00," (Stone Mountain, ga)",575.0,GA,all atlanta,"
        Up for sale is a BRAND NEW Apple iPhone 6 16GB Space Grey from T-Mobile. ","iPhone 6 T-MOBILE BRAND NEW IN BOX , SPACE GREY, 16GB, NEW, CLEAN IMEI",http://atlanta.craigslist.org/atl/mob/4925236187.html,1,6
207,atlanta,cell phones,US,2015-03-15 00:00:00, (atlanta-duluth),180.0,GA,all atlanta,"
        I have a factory unlocked white iphone 4s 16gb in good condition",Factory unlocked white iphone 4s 16gb,http://atlanta.craigslist.org/atl/mob/4924179063.html,1,4s
208,atlanta,cell phones,US,2015-03-15 00:00:00, (Dallas),100.0,GA,all atlanta,"
        ICLOUD LOCKED",IPHONE 5C,http://atlanta.craigslist.org/atl/mob/4933128706.html,1,5c
209,atlanta,cell phones,US,2015-03-15 00:00:00, (norcross),325.0,GA,all atlanta,"
        I have two new conditions iphone 5s & new condition iphone 5 both are AT&T 325$ both
    ",i have two iphone 4 sale 5s & 5,http://atlanta.craigslist.org/nat/mob/4933040692.html,1,5s
210,atlanta,cell phones,US,2015-03-15 00:00:00,,165.0,GA,all atlanta,"
        iPhone 5",iPhone 5 Unlocked,http://atlanta.craigslist.org/atl/mob/4933104449.html,1,5
211,atlanta,cell phones,US,2015-03-15 00:00:00, (Atlanta),750.0,GA,all atlanta,"
        ",BRAND NEW AT&T iPhone 6 Plus 64GB Space Grey - CLEAN IMEI,http://atlanta.craigslist.org/atl/mod/4914538875.html,1,6+
212,atlanta,cell phones,US,2015-03-15 00:00:00, (atlanta ga),550.0,GA,all atlanta,"
        this is brand new condition iphone 6 black 16GB I bought this from official Apple site its factory unlocked comes with everything i will  even add my rubber Survivor case for free which i paid 40 bucks asking 550 but may negotiate a few bucks . Decided to go back to android text me ",new UNLOCKED iphone 6 black,http://atlanta.craigslist.org/atl/mob/4927121446.html,1,6
213,atlanta,cell phones,US,2015-03-15 00:00:00, (buford),80.0,GA,all atlanta,"
        IPhone5  16g. Icloud is locked $80    ",IPHONE 516 G WHITE ICLOUD IS LOCKED $80,http://atlanta.craigslist.org/nat/mob/4933198826.html,1,0
214,atlanta,cell phones,US,2015-03-15 00:00:00, (Lilburn/Stone Mt.),70.0,GA,all atlanta,"
        Have one unopened iPhone 6 LifeProof Fre case in black. From the makers of Otterbox, it's water, dust, snow, and shock proof. Liked this case so much got two of them. Also bundling a used iPhone 6 LifeProof case and a used Incipio NGP case for iPhone 6. Both in black. Lifeproof case retails for $80 alone but will bundling the three cases for $70.
    ",iPhone 6 waterproof case by LifeProof,http://atlanta.craigslist.org/eat/mob/4933197730.html,-1,-1
215,atlanta,cell phones,US,2015-03-15 00:00:00, (Duluth),450.0,GA,all atlanta,"
        Gold iPhone 5S 32GB $450. 4O4.493.8928",iPhone 5S 32GB AT&T for Sale,http://atlanta.craigslist.org/nat/mob/4892184236.html,1,5s
216,atlanta,cell phones,US,2015-03-15 00:00:00,,400.0,GA,all atlanta,"
        Up for sale is a BRAND NEW iPhone 6 16GB in Gold from Any Carrier (Unlocked). Device has never been used before and comes with brand new wall charger, lightning cable, and headphones. iPhone has a GUARANTEED CLEAN IMEI and is ready for activation and use on the Nationwide AT&T, SPRINT, VERIZON WIRELESS, BOOST MOBILE, and T-Mobile 4G LTE Network or other carriers such as Metro PCS, Simple Mobile, Family Mobile, or Ultra Mobile. Retail price is $650 in store, However, PRICE IS ONLY $400.00!!!..... ",BRAND NEW! iPhone 6-Gold 16GB!!!,http://atlanta.craigslist.org/atl/mob/4933137774.html,1,6
217,atlanta,cell phones,US,2015-03-15 00:00:00, (atlanta),200.0,GA,all atlanta,"
        text me for pics, it works perfectly except the lock button but the assistive touch is super easy to use or you can get it fixed at the mall for $15. text me an offer, pick up at emory university
    ",iPhone 5 White 16 gb no scratches,http://atlanta.craigslist.org/atl/mob/4933188528.html,1,5
218,atlanta,cell phones,US,2015-03-15 00:00:00, (Marietta/Kennesaw),100.0,GA,all atlanta,"
        Clean ESN (Willing to Meet at Sprint Store)",Sprint White Apple iPhone 4S 16gb,http://atlanta.craigslist.org/atl/mob/4933230564.html,1,4s
219,atlanta,cell phones,US,2015-03-15 00:00:00,,100.0,GA,all atlanta,"
        Excellent condition for sale or exchange with Verizon Iphone (4 or 5 can pay difference)
    ",Iphone 4 - 8gb AT&T unlocked like new,http://atlanta.craigslist.org/atl/mob/4933209675.html,1,4
220,atlanta,cell phones,US,2015-03-15 00:00:00, (snellville),150.0,GA,all atlanta,"
        Great condition. clean esn . need gone ASAP ",SPRINT IPHONE 5 CASH ONLY OBO,http://atlanta.craigslist.org/eat/mob/4924663208.html,1,5c
221,atlanta,cell phones,US,2015-03-14 00:00:00, (lawrenceville),360.0,GA,all atlanta,"
        iphone 5S gold factory unlocked looks almost perfect.
    ",Factory Unlocked iphone 5s 16GB,http://atlanta.craigslist.org/nat/mob/4932450959.html,1,5s
222,atlanta,cell phones,US,2015-03-14 00:00:00,,300.0,GA,all atlanta,"
        I have a Brand New Black&Gold 16gb iPhone 5s for Tmobile. Not one Flaw or Scratch. Box and all accessories included. Clean Imei. Need to sell ASAP. Call or Text ",iPhone 5s Brand New Black & Gold,http://atlanta.craigslist.org/atl/mob/4931568867.html,1,5s
223,atlanta,cell phones,US,2015-03-14 00:00:00, (Canton),200.0,GA,all atlanta,"
        I am selling my AT&T iPhone 5 -16GB that is in great condition. I am including my tech 21 case. Save tons of money by buying this phone instead of a new one with a contract. Cash only. First one to contact me gets it.
    ",iPhone 5 for sale AT&T,http://atlanta.craigslist.org/nat/mob/4931583667.html,1,5
224,atlanta,cell phones,US,2015-03-14 00:00:00, (Roswell),220.0,GA,all atlanta,"
        I have this well maintained iPhone 5 for sale, it was serviced by AT&T, and was unlocked after contract ended. No blemish , no crack, always in protection shell, works perfectly. I upgraded to iPhone 6 last year. Original box, phone charger are included. ",iPhone 5 16GB White Factory Unlocked,http://atlanta.craigslist.org/atl/mob/4922571733.html,1,5
225,atlanta,cell phones,US,2015-03-14 00:00:00, (norcross),280.0,GA,all atlanta,"
        hey all, I have a great and perfect working condition IPHONE 5c in lime green, 16gb storage and with ATT service. clean and clear Esn without any balance on account. Ready for new owner.","iPhone 5c 16gb Green in good condition! Att, and clean esn",http://atlanta.craigslist.org/atl/mob/4926872996.html,1,5c
226,atlanta,cell phones,US,2015-03-14 00:00:00, (Norcross),100.0,GA,all atlanta,"
        Hey I have a pristine iPhone 3GS in perfect working condition 16gb with protective case and charger. ",iPhone 3GS in pristine condition,http://atlanta.craigslist.org/atl/mob/4898072923.html,1,3g
227,atlanta,cell phones,US,2015-03-14 00:00:00, (Atlanta),160.0,GA,all atlanta,"
        Blue iPhone 5c",Sprint iPhone 5c need gone asap,http://atlanta.craigslist.org/atl/mob/4892635424.html,-1,-1
228,atlanta,cell phones,US,2015-03-14 00:00:00,,200.0,GA,all atlanta,"
        iPhone 5",iPhone 5 T-Mobile (unlocked),http://atlanta.craigslist.org/atl/mob/4931656924.html,1,5
229,atlanta,cell phones,US,2015-03-14 00:00:00, (marietta),300.0,GA,all atlanta,"
        16 gb iphone 5c's all unlocked activate on metro",Iphone 5c's unlocked different colors,http://atlanta.craigslist.org/atl/mod/4931487525.html,1,5c
230,atlanta,cell phones,US,2015-03-14 00:00:00,,550.0,GA,all atlanta,"
        Brand New (In Box) IPhone 6 16GB (T-Mobile). Never Been Activated
    ",IPhone 6 16GB (T-Mobile),http://atlanta.craigslist.org/atl/mob/4931657810.html,1,6
231,atlanta,cell phones,US,2015-03-14 00:00:00,,550.0,GA,all atlanta,"
        iPhone 6 16gb AT&T in perfect conditions absolutely no scratches. Price is negotiable",Iphone 6 Space grey,http://atlanta.craigslist.org/atl/mob/4931652246.html,1,6
232,atlanta,cell phones,US,2015-03-14 00:00:00, (Atlanta),550.0,GA,all atlanta,"
        IPhone 6 flawless condition just comes with charger texts me or call thanks I don't have time for the game or b.s. and I don't ship thanks prices firm
    ",iPhone 6 T-Mobile,http://atlanta.craigslist.org/nat/mob/4931713953.html,1,6
233,atlanta,cell phones,US,2015-03-14 00:00:00, (Norcross),175.0,GA,all atlanta,"
        iPhone 5c Pink AT&T Perfect condition text if interested 4zero4two3four88two7
    ",IPhone 5c pink att,http://atlanta.craigslist.org/nat/mob/4931720011.html,1,5c
234,atlanta,cell phones,US,2015-03-14 00:00:00, (Norcross),575.0,GA,all atlanta,"
        Space grey iPhone 6 128GB AT&T Perfect condition text if interested ",iPhone 6 AT&T,http://atlanta.craigslist.org/atl/mob/4931759337.html,1,6
235,atlanta,cell phones,US,2015-03-14 00:00:00, (Austell),349.0,GA,all atlanta,"
        Iphone 5c Factory Unlock And Ready ToGo",-IPhone 5c - Factory Unlocked -,http://atlanta.craigslist.org/atl/mod/4922771027.html,1,5c
236,atlanta,cell phones,US,2015-03-14 00:00:00, ((1227 Battlefield Parkway)),599.0,GA,all atlanta,"
        We Simple Mobile Solution have been running a Exclusive offer to the iPhone 6 & 6 plus lover's for few days. You Can just take away iPhone 6 Unlocked 16 GB for $599 with $120 off on $719(You can also check amazon.com) with and iPhone 6 plus Unlocked 16 GB for $699.",iPhone 6 Unlocked 16gb Space Gray (NEW),http://atlanta.craigslist.org/nat/mod/4890618009.html,1,6
237,atlanta,cell phones,US,2015-03-14 00:00:00, (lawrenceville),175.0,GA,all atlanta,"
        iPhone 5 white T-Mobile for sale 8/condition askin $180 Obo  if interested text or call ",iPhone 5 T-Mobile 16gb,http://atlanta.craigslist.org/atl/mob/4931817860.html,1,5
238,atlanta,cell phones,US,2015-03-14 00:00:00, (Powder Springs),160.0,GA,all atlanta,"
        iPhone 4S on Virgin Mobile Network",iPhone 4S Virgin Mobile,http://atlanta.craigslist.org/nat/mob/4931777021.html,1,4s
239,atlanta,cell phones,US,2015-03-14 00:00:00, (Powder Springs),230.0,GA,all atlanta,"
        Black iPhone 5",Virgin Mobile iPhone 5 16GB,http://atlanta.craigslist.org/nat/mob/4931828866.html,1,5
240,atlanta,cell phones,US,2015-03-14 00:00:00, (Duluth),300.0,GA,all atlanta,"
        I'm selling my iPhone 5S 16GB gold color in excellent condition from Sprint.","iPhone 5S 16GB Gold Sprint CLEAN ESN, Excellent Condition",http://atlanta.craigslist.org/nat/mob/4921316199.html,1,5s
241,atlanta,cell phones,US,2015-03-14 00:00:00," (Jimmy Carter, Woodstock)",850.0,GA,all atlanta,"
        _We're collecting all iphones, ipads, macbooks...","Sell Us Your Iphones, Ipads, Macbooks (iPhone 5s, 6, 6 plus)",http://atlanta.craigslist.org/atl/mod/4890821646.html,-1,-1
242,atlanta,cell phones,US,2015-03-13 00:00:00, (duluth),550.0,GA,all atlanta,"
        This device was used for hours only. NO scratches NO damages. ESN CLEAN. ",Iphone 6 16gb Gold NEW $550,http://atlanta.craigslist.org/nat/mob/4930903148.html,1,6
243,atlanta,cell phones,US,2015-03-13 00:00:00, (Buckhead),100.0,GA,all atlanta,"
        I have a used T-Mobile iPhone 5 for sale.  Phone still works like new - had one drop a while back that resulted in a diagonal crack across the screen, but it's hardly noticeable while using the phone / when it's lit.  Please send me an email and let me know if you are interested or have any other questions. ",iPhone 5 Good Condition,http://atlanta.craigslist.org/atl/mob/4930053150.html,1,5
244,atlanta,cell phones,US,2015-03-13 00:00:00, (Roswell/E Cobb/Woodstock),160.0,GA,all atlanta,"
        Apple iPhone 4S 16GB black - AT&T unlocked. This phone is in MINT condition and I am the original owner. The phone has been unlocked by AT&T and I've been using it for the last year with StraightTalk. I have also used it, of course, on AT&T's network. You can use this phone with any provider that supports iPhones. Includes charger.",iPhone 4S 16GB black - ATT unlocked - Mint,http://atlanta.craigslist.org/nat/mob/4929976923.html,1,4s
245,atlanta,cell phones,US,2015-03-13 00:00:00, (lawrenceville ga),575.0,GA,all atlanta,"
        Like New with Box no scratches no cracks perfect condition only used for 2 months please serious inquiries only
    ",IPhone 6 plus 16gb like new,http://atlanta.craigslist.org/atl/mob/4930075520.html,1,6+
246,atlanta,cell phones,US,2015-03-13 00:00:00, (Roswell Road),250.0,GA,all atlanta,"
        Perfect condition iPhone 5 and charger. ",AT&T iPhone 5 -perfect condition,http://atlanta.craigslist.org/nat/mob/4930124324.html,1,5
247,atlanta,cell phones,US,2015-03-13 00:00:00, (lithonia),630.0,GA,all atlanta,"
        1 SPACE GREY TMOBILE IPHONE 6 COMES WITH EVERY THING HIT ME UP IF INTERESTED
    ",1 BRAND NEW IPHONE 6,http://atlanta.craigslist.org/atl/mob/4930105544.html,1,6
248,atlanta,cell phones,US,2015-03-13 00:00:00, (Smyrna),175.0,GA,all atlanta,"
        Color: Black.  Capacity: 16 GB. Excellent condition, always in case.  You get the case for free.  Not interested in negotiations.  Open for valid questions.",iPhone 4s - verizon - excellent condition - clean esn,http://atlanta.craigslist.org/atl/mob/4930139460.html,1,4s
249,atlanta,cell phones,US,2015-03-13 00:00:00, (TEST BEFORE YOU BUY Norcross),100.0,GA,all atlanta,"
        iPhone 4",IPHONE 4 WORKS GREAT LIKE NEW A1332 NEED TO SELL TODAY,http://atlanta.craigslist.org/atl/mob/4894638972.html,-1,-1
250,atlanta,cell phones,US,2015-03-13 00:00:00,,175.0,GA,all atlanta,"
        Like brand new ",Blue tmobile iPhone 5c,http://atlanta.craigslist.org/atl/mob/4930223456.html,1,5c
251,atlanta,cell phones,US,2015-03-13 00:00:00, (West Atlanta),250.0,GA,all atlanta,"
        Contact me at ",iPhone 6 Sprint cracked,http://atlanta.craigslist.org/wat/mob/4930218875.html,1,6
252,atlanta,cell phones,US,2015-03-13 00:00:00,,550.0,GA,all atlanta,"
        iPhone 6 plus - 16gb",T-Mobile iPhone 6 plus,http://atlanta.craigslist.org/atl/mob/4911748068.html,1,6+
253,atlanta,cell phones,US,2015-03-13 00:00:00, (West Atlanta),350.0,GA,all atlanta,"
        Serious inquiries only ",iPhone 6 64 Gb cracked sprint,http://atlanta.craigslist.org/wat/mob/4930357535.html,1,6
254,atlanta,cell phones,US,2015-03-13 00:00:00, (ATLANTA),599.0,GA,all atlanta,"
        I have a brand new, unopened black iPhone 5s. It is an AT&T phone, but has not been programmed. It does not have a SIM card in it. I have not even opened up the packaging on the phone yet.",iPhone 5s 16gb new unopened box no contract,http://atlanta.craigslist.org/atl/mob/4930111462.html,1,5s
255,atlanta,cell phones,US,2015-03-13 00:00:00, (Kennesaw),265.0,GA,all atlanta,"
        (Orlando)iPhone 5, 16gb, clean ESN, no contract, GSM AT&T, icloud acct removed ","iPhone 5, 16gb, clean ESN, no contract, GSM AT&T, icloud acct removed",http://atlanta.craigslist.org/wat/mob/4888495130.html,1,5
256,atlanta,cell phones,US,2015-03-13 00:00:00,,240.0,GA,all atlanta,"
        I have a clean iPhone 5s and the iPhone is with Spirnt. The phone is in good condition the only thing is it have a crack across the screen. It have a clean ESN so the phone can be activated. It's a 16GB.Contact me ",IPhone 5s,http://atlanta.craigslist.org/atl/mob/4930402582.html,1,5s
257,atlanta,cell phones,US,2015-03-13 00:00:00,,325.0,GA,all atlanta,"
        Brand New IPhone 5s for T-Mobile. 16gb Flawless with Box and all accessories. Need to sell immediately so price is somewhat negotiable. Call or text ",iPhone 5s 16gb Black& Gold,http://atlanta.craigslist.org/atl/mob/4930503664.html,1,5s
258,atlanta,cell phones,US,2015-03-13 00:00:00,,270.0,GA,all atlanta,"
        iPhone 5 16GB Unlocked ( White & Silver ) ",iPhone 5 16 GB unlocked,http://atlanta.craigslist.org/atl/mob/4930517939.html,1,5
259,atlanta,cell phones,US,2015-03-13 00:00:00,,100.0,GA,all atlanta,"
        Factory unlocked iphone 4s go with any service no scratches or cracks on it comes with a case call only if serious ",iphone 4s factory unlocked,http://atlanta.craigslist.org/atl/mob/4930539051.html,1,4s
260,atlanta,cell phones,US,2015-03-13 00:00:00,,350.0,GA,all atlanta,"
        Selling iPhone 5S. Does have crack by camera lens. Does not affect taking pictures. Works with AT&T. 16GB.
    ",iPhone 5S,http://atlanta.craigslist.org/wat/mob/4930530979.html,1,5s
261,atlanta,cell phones,US,2015-03-13 00:00:00, (Gwinnett),150.0,GA,all atlanta,"
        I'm selling my 32GB Black iPhone 4. It's in perfect condition with a clean ESN. It comes with a screen protector (installed), charger and case. Will meet at nearby Verizon store to verify clean ESN. ",32GB Black iPhone 4 (Verizon),http://atlanta.craigslist.org/nat/mob/4930061287.html,1,4
262,atlanta,cell phones,US,2015-03-13 00:00:00, (Lithonia),120.0,GA,all atlanta,"
        Att iPhone 4 8gb cracked screen and scratches on back. ",2 iPhone 4 - Verizon & At&t,http://atlanta.craigslist.org/atl/mob/4930567474.html,1,4
263,atlanta,cell phones,US,2015-03-12 00:00:00, (Midtown),280.0,GA,all atlanta,"
        This a like new IPhone 5S with 16GB of internal memory and the finger print scanner for supreme security. If you think you'll need more memory you can easily upgrade it through iCloud to optimize it to as much as 1TB so there's no need to blow all your money on a 60 and 100+ GB iPhone. This phone is not stolen, there are no nicks or scratches, and it has been totally wiped clean to its factory settings. PLEASE NO TRADES OR LOW BALLERS.",iPhone 5S 16GB Sprint,http://atlanta.craigslist.org/atl/mob/4929345707.html,1,5s
264,atlanta,cell phones,US,2015-03-12 00:00:00, (atlanta),500.0,GA,all atlanta,"
        Trade unlocked IPhone 6 64gb for unlocked Tmobile note 4 or ATT Note 4 ....and please don't try to play me with a fake note.. I know the difference..will meet in public area. No I don't want to sell it. Only trade ",Unlocked iphone 6 64gb Trade,http://atlanta.craigslist.org/atl/mob/4929258620.html,1,-1
265,atlanta,cell phones,US,2015-03-12 00:00:00, (anywhere),250.0,GA,all atlanta,"
        upgraded clean esn sprint",iphone 5s,http://atlanta.craigslist.org/atl/mob/4928233689.html,1,5s
266,atlanta,cell phones,US,2015-03-12 00:00:00, (dunwoody),200.0,GA,all atlanta,"
        I am selling an Iphone 5S 16gb sprint. It's blacklist but you can use it oversea or use it like an super Ipod. It has good condition and alway in case. Email or text 4 zero 4 310 1333",IPHONE 5S 200$,http://atlanta.craigslist.org/nat/mob/4928209305.html,1,5s
267,atlanta,cell phones,US,2015-03-12 00:00:00, (Gainesville),125.0,GA,all atlanta,"
        iphone 4s 16g black in perfect condition comes with box a pink case and charger in perfect condition just upgraded to the 6plus
    ",iphone 4s 16g black,http://atlanta.craigslist.org/eat/mob/4928291135.html,1,4s
268,atlanta,cell phones,US,2015-03-12 00:00:00, (Midtown),350.0,GA,all atlanta,"
        I have an AT&T iPhone 5s in great working condition. Comes with a lifeproof nuud case and belt clip, a regular lifeproof case, two other cases, original box with charger and ear buds. Text only.
    ",AT&T iPhone 5s,http://atlanta.craigslist.org/atl/mob/4928336505.html,1,5s
269,atlanta,cell phones,US,2015-03-12 00:00:00, (Gwinnet/Buckhead/Atlanta),580.0,GA,all atlanta,"
        Text Prefered First!",IPhone 6 5s Verizon Note 4 WE BVY BUY,http://atlanta.craigslist.org/atl/mob/4928398935.html,-1,-1
270,atlanta,cell phones,US,2015-03-12 00:00:00,,300.0,GA,all atlanta,"
        32GB Verizon iPhone 5 in black.  Has been in an Otterbox Defender case constantly so it is in great condition.
    ",iPhone 5 32GB Black Verizon,http://atlanta.craigslist.org/atl/mob/4928443455.html,1,5
271,atlanta,cell phones,US,2015-03-12 00:00:00, (Downtown Atlanta),300.0,GA,all atlanta,"
        Apple iPhone 5s 16GB ",Apple IPhone 5s 16gb GOLD AT&T w/ External Battery Charger Case,http://atlanta.craigslist.org/atl/mob/4928370086.html,1,-1
272,atlanta,cell phones,US,2015-03-12 00:00:00, (Upstate SC Warehouse),95.0,GA,all atlanta,"
        We have an iPhone 4s 32gb (black) for sale. ($95 + tax)It's ready for activation on SPRINT. Comes with NEW Wall Charger adapter, NEW Car Charger adapter, NEW Sync cable. It's in excellent condition.","iPhone 4S 32gb SPRINT, Clear ESN, Mint Condition, WE SHIP.",http://atlanta.craigslist.org/nat/mod/4888453353.html,1,4s
273,atlanta,cell phones,US,2015-03-12 00:00:00, (MIDTOWN ATLANTA),75.0,GA,all atlanta,"
        iPhone 3G with box. Gently used. Minor scratches on back plastic. Does not include charger or headphones. Everything works - all buttons, speaker, microphone, Wi-Fi. Everything works.",iPHONE 3G 8GB BLACK WITH BOX EXCELLENT CONDITION AT&T,http://atlanta.craigslist.org/atl/mob/4928377090.html,1,3g
274,atlanta,cell phones,US,2015-03-12 00:00:00, (Snellville),650.0,GA,all atlanta,"
        I have a Iphone 6 Plus Brand New Never Used. It has the plastic on the screen and all accessories still in original packaging. The only flaw is i do not have the origianl box. It is 64 GB and is silver. Looking for 650 Or best offer, or will trade for an Iphone 6 and you add cash. Text or call me at ",Att Iphone 6 Plus,http://atlanta.craigslist.org/eat/mob/4928438539.html,1,6+
275,atlanta,cell phones,US,2015-03-12 00:00:00, (Gwinnet/Buckhead/Atlanta/Dunwoody),570.0,GA,all atlanta,"
        Text Preferred First!",Brand New Never Used iPhone 6 Verizon USA GSM Unlocked,http://atlanta.craigslist.org/atl/mob/4928458395.html,1,6
276,atlanta,cell phones,US,2015-03-12 00:00:00, (Woodstock),200.0,GA,all atlanta,"
        Used Sprint  iPhone 5 64 GB. Works great and in good condition. Phone has been kept in a OtterBox from day one. No charger Included. Please contact me if you have any questions. Cash and local only. ",IPhone 5 64 GB,http://atlanta.craigslist.org/nat/mob/4928551239.html,1,5
277,atlanta,cell phones,US,2015-03-12 00:00:00, (Atlanta),170.0,GA,all atlanta,"
        Text me first, then i will Return a call with more information ,",*************** iPhone 5 Sprint FLAWLESS altogether ***********FIRM-->,http://atlanta.craigslist.org/atl/mob/4928563150.html,1,5s
278,atlanta,cell phones,US,2015-03-12 00:00:00, (Atlanta),170.0,GA,all atlanta,"
        No problems at all text me first for more information ",***************** AT&T iPhone 5 FLAWLESS altogether ***********FIRM-->,http://atlanta.craigslist.org/atl/mob/4928577165.html,1,5
279,atlanta,cell phones,US,2015-03-14 00:00:00, (Lawrenceville),250.0,GA,all atlanta,"
        In excellent condition - comes with the original box. Clean ESN. 16 GB memory.",White iPhone 5 Sprint - excellent condition,http://atlanta.craigslist.org/nat/mob/4921464330.html,1,5s
280,atlanta,cell phones,US,2015-03-12 00:00:00, (Atlanta),130.0,GA,all atlanta,"
        ",iPhone 6 Cracked Screen Fix,http://atlanta.craigslist.org/atl/mod/4922659359.html,-1,-1
281,atlanta,cell phones,US,2015-03-12 00:00:00, (WOODSTOCK / MARIETTA),140.0,GA,all atlanta,"
        Selling my iphone 4 s unlocked ...i'm currently on t-mobile but is unlocked for any ....pick up only....
    ",IPHONE 4S 16gig UNLOCKED,http://atlanta.craigslist.org/nat/mob/4928588100.html,1,4s
282,atlanta,cell phones,US,2015-03-12 00:00:00,,200.0,GA,all atlanta,"
        Like brand new ",Blue iPhone 5c T-Mobile,http://atlanta.craigslist.org/atl/mob/4928670898.html,1,5c
283,atlanta,cell phones,US,2015-03-12 00:00:00, (Atlanta),450.0,GA,all atlanta,"
        ",BRAND NEW AT&T iPhone 5S 32GB White - CLEAN IMEI,http://atlanta.craigslist.org/atl/mod/4894180347.html,1,5s
284,atlanta,cell phones,US,2015-03-12 00:00:00,,150.0,GA,all atlanta,"
        Selling sprint iPhone 4 for $150 price negotiable or best offer ",sprint iPhone 4 $150 best offer,http://atlanta.craigslist.org/eat/mob/4928687332.html,1,4
285,atlanta,cell phones,US,2015-03-12 00:00:00, (Douglasville),150.0,GA,all atlanta,"
        Silver iPhone 5S, bad esn with TMobile. 16gb, Phone is in perfect condition. DO NOT TEXT ME ASKING ME A BUNCH OF QUESTIONS, EVERYTHING IS HERE. Only text me when you have cash in hand, ready to meet in Douglasville. TEXT ",Silver iPhone 5S BAD ESN,http://atlanta.craigslist.org/wat/mob/4905995210.html,1,5s
